Source,Call
cli\agent.run,cli\agent.app.command
cli\agent.run,core.agent_hub.run_agents
cli\agent.run,cli\agent.r.strip
cli\agent.run,cli\agent.roles.split
cli\agent.run,cli\agent.r.strip
cli\batch_ops.classify_all,cli\batch_ops.app.command
cli\batch_ops.classify_all,core.config.config_registry.get_path_config
cli\batch_ops.classify_all,cli\batch_ops.sorted
cli\batch_ops.classify_all,cli\batch_ops.paths.parsed.glob
cli\batch_ops.classify_all,cli\batch_ops.meta_path.exists
cli\batch_ops.classify_all,cli\batch_ops.logger.info
cli\batch_ops.classify_all,cli\batch_ops.logger.info
cli\batch_ops.classify_all,core.workflows.main_commands.classify
cli\batch_ops.classify_all,cli\batch_ops.logger.info
cli\batch_ops.classify_all,cli\batch_ops.logger.error
cli\batch_ops.upload_all,cli\batch_ops.app.command
cli\batch_ops.upload_all,cli\batch_ops.sorted
cli\batch_ops.upload_all,cli\batch_ops.directory.glob
cli\batch_ops.upload_all,cli\batch_ops.logger.info
cli\batch_ops.upload_all,core.workflows.main_commands.upload_and_prepare
cli\batch_ops.upload_all,cli\batch_ops.logger.error
cli\batch_ops.ingest_all,cli\batch_ops.app.command
cli\batch_ops.ingest_all,cli\batch_ops.sorted
cli\batch_ops.ingest_all,cli\batch_ops.directory.glob
cli\batch_ops.ingest_all,cli\batch_ops.logger.info
cli\batch_ops.ingest_all,core.workflows.main_commands.pipeline_from_upload
cli\batch_ops.ingest_all,cli\batch_ops.logger.info
cli\batch_ops.ingest_all,cli\batch_ops.logger.error
cli\batch_ops.ingest_all,cli\batch_ops.result.get
cli\chatgpt.parse_export,cli\chatgpt.app.command
cli\chatgpt.parse_export,typer.Argument
cli\chatgpt.parse_export,typer.Option
cli\chatgpt.parse_export,typer.Option
cli\chatgpt.parse_export,core.parsing.openai_export.parse_chatgpt_export
cli\chatgpt.parse_export,typer.echo
cli\chatgpt.parse_export,pathlib.Path
cli\chatgpt.parse_export,cli\chatgpt.len
cli\classify.classify_one,cli\classify.app.command
cli\classify.classify_one,core.workflows.main_commands.classify
cli\classify.classify_one,cli\classify.logger.info
cli\classify.classify_one,cli\classify.logger.info
cli\cluster.run_all,cli\cluster.app.command
cli\cluster.run_all,typer.Option
cli\cluster.run_all,typer.Option
cli\cluster.run_all,typer.Option
cli\cluster.run_all,core.config.config_registry.get_path_config
cli\cluster.run_all,core.clustering.clustering_steps.run_all_steps
cli\dedup.dedup_prompts,cli\dedup.app.command
cli\dedup.dedup_prompts,typer.Option
cli\dedup.dedup_prompts,typer.Option
cli\dedup.dedup_prompts,core.config.config_registry.get_path_config
cli\dedup.dedup_prompts,core.utils.dedup.dedup_lines_in_folder
cli\dedup.dedup_prompts,typer.echo
cli\dedup.dedup_prompts,pathlib.Path
cli\dedup.dedup_prompts,pathlib.Path
cli\embed.all,cli\embed.app.command
cli\embed.all,typer.Option
cli\embed.all,typer.Option
cli\embed.all,core.config.config_registry.get_path_config
cli\embed.all,core.embeddings.embedder.generate_embeddings
cli\export.parse,cli\export.app.command
cli\export.parse,core.config.config_registry.get_path_config
cli\export.parse,core.parsing.parse_chatgpt_export
cli\organize.organize_file,core.metadata.io.load_metadata
cli\organize.organize_file,pathlib.Path.stem.lower
cli\organize.organize_file,cli\organize.cluster_map.get
cli\organize.organize_file,cli\organize.category.lower.replace
cli\organize.organize_file,cli\organize.organized_path.mkdir
cli\organize.organize_file,cli\organize.parsed_src.exists
cli\organize.organize_file,cli\organize.meta.get
cli\organize.organize_file,shutil.copy
cli\organize.organize_file,cli\organize.logger.info
cli\organize.organize_file,cli\organize.meta_path.exists
cli\organize.organize_file,cli\organize.logger.error
cli\organize.organize_file,cli\organize.meta.get
cli\organize.organize_file,pathlib.Path
cli\organize.organize_file,cli\organize.parsed_src.replace
cli\organize.organize_file,cli\organize.logger.info
cli\organize.organize_file,cli\organize.logger.warning
cli\organize.organize_file,cli\organize.source_src.exists
cli\organize.organize_file,cli\organize.category.lower
cli\organize.organize_file,cli\organize.meta.get
cli\organize.organize_file,pathlib.Path
cli\organize.organize_file,cli\organize.source_src.replace
cli\organize.organize_file,cli\organize.logger.info
cli\organize.organize_file,cli\organize.logger.warning
cli\organize.organize_file,pathlib.Path
cli\parse._resolve_paths,core.config.config_registry.get_path_config
cli\parse._resolve_paths,core.config.path_config.PathConfig
cli\parse.run,cli\parse.app.command
cli\parse.run,typer.Argument
cli\parse.run,typer.Option
cli\parse.run,typer.Option
cli\parse.run,typer.Option
cli\parse.run,typer.Option
cli\parse.run,typer.Option
cli\parse.run,cli\parse._resolve_paths
cli\parse.run,cli\parse.input_path.is_dir
cli\parse.run,cli\parse.sorted
cli\parse.run,core.storage.upload_local.prepare_document_for_processing
cli\parse.run,cli\parse.input_path.glob
cli\parse.run,core.storage.upload_local.prepare_document_for_processing
cli\pipeline._resolve_paths,core.config.config_registry.get_path_config
cli\pipeline._resolve_paths,core.config.path_config.PathConfig
cli\pipeline.run_all,cli\pipeline.app.command
cli\pipeline.run_all,typer.Option
cli\pipeline.run_all,typer.Option
cli\pipeline.run_all,typer.Option
cli\pipeline.run_all,typer.Option
cli\pipeline.run_all,typer.Option
cli\pipeline.run_all,typer.Option
cli\pipeline.run_all,cli\pipeline._resolve_paths
cli\pipeline.run_all,scripts.pipeline.run_full_pipeline
cli\pipeline.run_all,core.clustering.clustering_steps.run_all_steps
cli\search.semantic,cli\search.app.command
cli\search.semantic,core.retrieval.retriever.Retriever
cli\search.semantic,cli\search.logger.info
cli\search.semantic,cli\search.retriever.query
cli\search.semantic,cli\search.logger.info
cli\search.semantic_file,cli\search.app.command
cli\search.semantic_file,core.retrieval.retriever.Retriever
cli\search.semantic_file,cli\search.logger.info
cli\search.semantic_file,cli\search.retriever.query_file
cli\search.semantic_file,pathlib.Path
cli\search.semantic_file,cli\search.logger.info
cli\tokens.summary,cli\tokens.app.command
cli\tokens.summary,typer.Option
cli\tokens.summary,typer.Option
cli\tokens.summary,json.loads
cli\tokens.summary,core.analysis.token_stats.TokenStats.from_dir
cli\tokens.summary,typer.echo
cli\tokens.summary,cli\tokens.config_file.read_text
cli\tokens.summary,cli\tokens.stats.describe
cli\tokens.summary,numpy.histogram
cli\tokens.summary,cli\tokens.zip
cli\tokens.summary,pathlib.Path
cli\tokens.summary,typer.echo
cli\tokens.summary,typer.Exit
cli\tokens.summary,cli\tokens.zip
cli\tokens.summary,typer.echo
cli\tokens.summary,cli\tokens.int
cli\tokens.summary,cli\tokens.int
cli\tokens.summary,cli\tokens.int
cli\tokens.summary,cli\tokens.hist.max
cli\tokens.recite,cli\tokens.app.command
cli\tokens.recite,cli\tokens.join
cli\tokens.recite,cli\tokens.logger.info
cli\upload_utils.save_upload_stub,core.storage.aws_clients.get_s3_client
cli\upload_utils.save_upload_stub,cli\upload_utils.local_path.parent.mkdir
cli\upload_utils.save_upload_stub,cli\upload_utils.local_path.write_text
cli\upload_utils.save_upload_stub,cli\upload_utils.logger.info
cli\upload_utils.save_upload_stub,cli\upload_utils.s3.put_object
cli\upload_utils.save_upload_stub,cli\upload_utils.logger.info
cli\upload_utils.save_upload_stub,json.dumps
cli\upload_utils.save_upload_stub,pathlib.Path
cli\upload_utils.save_upload_stub,json.dumps.encode
cli\upload_utils.save_upload_stub,json.dumps
cli\upload_utils.upload_file,core.storage.aws_clients.get_s3_client
cli\upload_utils.upload_file,cli\upload_utils.s3.upload_file
cli\upload_utils.upload_file,cli\upload_utils.logger.info
cli\upload_utils.upload_file,cli\upload_utils.s3.put_object
cli\upload_utils.upload_file,cli\upload_utils.logger.info
cli\upload_utils.upload_file,cli\upload_utils.save_upload_stub
cli\upload_utils.upload_file,core.config.RemoteConfig.from_file
cli\upload_utils.upload_file,core.config.PathConfig.from_file
cli\upload_utils.upload_file,cli\upload_utils.str
cli\upload_utils.upload_file,core.parsing.extract_text.extract_text
cli\upload_utils.upload_file,cli\upload_utils.file_path.stem.replace.replace.lower
cli\upload_utils.upload_file,cli\upload_utils.str
cli\upload_utils.upload_file,cli\upload_utils.logger.error
cli\upload_utils.upload_file,cli\upload_utils.text.encode
cli\upload_utils.upload_file,cli\upload_utils.file_path.suffix.lower.lstrip
cli\upload_utils.upload_file,cli\upload_utils.file_path.stem.replace.replace
cli\upload_utils.upload_file,cli\upload_utils.file_path.suffix.lower
cli\upload_utils.upload_file,cli\upload_utils.file_path.stem.replace
core\agent_hub.run_agents,core.retrieval.retriever.Retriever
core\agent_hub.run_agents,core\agent_hub.AgentSession
core\agent_hub.run_agents,core\agent_hub.session.step
core\agent_hub.run_agents,core\agent_hub.logger.info
core\agent_hub.step,core\agent_hub.self.retriever.query
core\config._resolve_path_setting,pathlib.Path.expanduser.resolve
core\config._resolve_path_setting,os.getenv
core\config._resolve_path_setting,pathlib.Path.expanduser
core\config._resolve_path_setting,core\config.candidate.is_absolute
core\config._resolve_path_setting,core\config.resolve
core\config._resolve_path_setting,core\config.candidate.resolve
core\config._resolve_path_setting,pathlib.Path.expanduser
core\config._resolve_path_setting,pathlib.Path
core\config._resolve_path_setting,pathlib.Path
core\logger.configure_logging,os.getenv.upper
core\logger.configure_logging,core\logger.getattr
core\logger.configure_logging,logging.getLogger
core\logger.configure_logging,logging.basicConfig
core\logger.configure_logging,core\logger.root_logger.setLevel
core\logger.configure_logging,os.getenv
core\logger.get_logger,core\logger.configure_logging
core\logger.get_logger,logging.getLogger
core\analysis\token_stats._tiktoken_loader,tiktoken.encoding_for_model
core\analysis\token_stats._tiktoken_loader,core\analysis\token_stats.len
core\analysis\token_stats._tiktoken_loader,core\analysis\token_stats.enc.encode
core\analysis\token_stats._hf_loader,transformers.AutoTokenizer.from_pretrained
core\analysis\token_stats._hf_loader,core\analysis\token_stats.len
core\analysis\token_stats._hf_loader,core\analysis\token_stats.tok.encode
core\analysis\token_stats.get_tokenizer,core\analysis\token_stats.spec.split
core\analysis\token_stats.get_tokenizer,core\analysis\token_stats.ValueError
core\analysis\token_stats.get_tokenizer,core.constants.ERROR_TOKENIZER_NOT_FOUND.format
core\analysis\token_stats.get_tokenizer,core\analysis\token_stats.list
core\analysis\token_stats.get_tokenizer,core\analysis\token_stats.TOKENIZERS.keys
core\analysis\token_stats.from_glob,core\analysis\token_stats.get_tokenizer
core\analysis\token_stats.from_glob,core\analysis\token_stats.sorted
core\analysis\token_stats.from_glob,core\analysis\token_stats.cls
core\analysis\token_stats.from_glob,pathlib.Path.glob
core\analysis\token_stats.from_glob,core\analysis\token_stats.counts.append
core\analysis\token_stats.from_glob,pathlib.Path
core\analysis\token_stats.from_glob,core\analysis\token_stats.tk
core\analysis\token_stats.from_glob,core\analysis\token_stats.logger.warning
core\analysis\token_stats.from_glob,core\analysis\token_stats.p.read_text
core\analysis\token_stats.describe,statistics.quantiles
core\analysis\token_stats.describe,core\analysis\token_stats.join
core\analysis\token_stats.describe,core\analysis\token_stats.join
core\analysis\token_stats.describe,core\analysis\token_stats.len
core\analysis\token_stats.describe,core\analysis\token_stats.min
core\analysis\token_stats.describe,core\analysis\token_stats.max
core\analysis\token_stats.describe,statistics.mean
core\analysis\token_stats.describe,statistics.median
core\analysis\token_stats.describe,core\analysis\token_stats.int
core\analysis\token_stats.to_dict,core\analysis\token_stats.str
core\analysis\token_stats.from_dir,core\analysis\token_stats.get_tokenizer
core\analysis\token_stats.from_dir,core\analysis\token_stats.sorted
core\analysis\token_stats.from_dir,core\analysis\token_stats.cls
core\analysis\token_stats.from_dir,core\analysis\token_stats.folder.rglob
core\analysis\token_stats.from_dir,core\analysis\token_stats.counts.append
core\analysis\token_stats.from_dir,core\analysis\token_stats.tk
core\analysis\token_stats.from_dir,core\analysis\token_stats.logger.warning
core\analysis\token_stats.from_dir,core\analysis\token_stats.p.read_text
core\clustering\algorithms.reduce_dimensions,numpy.asarray
core\clustering\algorithms.reduce_dimensions,core\clustering\algorithms.max
core\clustering\algorithms.reduce_dimensions,umap.UMAP
core\clustering\algorithms.reduce_dimensions,core\clustering\algorithms.reducer.fit_transform
core\clustering\algorithms.reduce_dimensions,core\clustering\algorithms.ModuleNotFoundError
core\clustering\algorithms.reduce_dimensions,core\clustering\algorithms.embeddings.reshape
core\clustering\algorithms.reduce_dimensions,numpy.empty
core\clustering\algorithms.reduce_dimensions,numpy.zeros
core\clustering\algorithms.reduce_dimensions,core\clustering\algorithms.min
core\clustering\algorithms.reduce_dimensions,core\clustering\algorithms.embeddings.reshape
core\clustering\algorithms.cluster_embeddings,numpy.asarray
core\clustering\algorithms.cluster_embeddings,core\clustering\algorithms.ValueError
core\clustering\algorithms.cluster_embeddings,core\clustering\algorithms.embeddings.reshape
core\clustering\algorithms.cluster_embeddings,numpy.empty
core\clustering\algorithms.cluster_embeddings,hdbscan.HDBSCAN
core\clustering\algorithms.cluster_embeddings,core\clustering\algorithms.model.fit_predict
core\clustering\algorithms.cluster_embeddings,core\clustering\algorithms.max
core\clustering\algorithms.cluster_embeddings,sklearn.cluster.SpectralClustering
core\clustering\algorithms.cluster_embeddings,core\clustering\algorithms.model.fit_predict
core\clustering\algorithms.cluster_embeddings,core\clustering\algorithms.embeddings.reshape
core\clustering\algorithms.cluster_embeddings,core\clustering\algorithms.ModuleNotFoundError
core\clustering\algorithms.cluster_embeddings,core\clustering\algorithms.max
core\clustering\algorithms.cluster_embeddings,numpy.zeros
core\clustering\algorithms.cluster_embeddings,numpy.zeros
core\clustering\algorithms.cluster_embeddings,core\clustering\algorithms.min
core\clustering\clustering_steps.run_dimensionality_reduction,core.embeddings.loader.load_embeddings
core\clustering\clustering_steps.run_dimensionality_reduction,core.clustering.algorithms.reduce_dimensions
core\clustering\clustering_steps.run_clustering,core.clustering.algorithms.cluster_embeddings
core\clustering\clustering_steps.run_labeling,core.clustering.labeling.label_clusters
core\clustering\clustering_steps.run_export,core.clustering.export.export_cluster_data
core\clustering\clustering_steps.run_all_steps,core\clustering\clustering_steps.run_dimensionality_reduction
core\clustering\clustering_steps.run_all_steps,core\clustering\clustering_steps.run_clustering
core\clustering\clustering_steps.run_all_steps,core\clustering\clustering_steps.run_labeling
core\clustering\clustering_steps.run_all_steps,core\clustering\clustering_steps.run_export
core\clustering\cluster_helpers.cluster_dict,core\clustering\cluster_helpers.zip
core\clustering\cluster_helpers.cluster_dict,core\clustering\cluster_helpers.out.setdefault.append
core\clustering\cluster_helpers.cluster_dict,core\clustering\cluster_helpers.out.setdefault
core\clustering\cluster_helpers.label_clusters_with_gpt,core\clustering\cluster_helpers.clusters.items
core\clustering\cluster_helpers.label_clusters_with_gpt,openai.chat.completions.create
core\clustering\cluster_helpers.label_clusters_with_gpt,core\clustering\cluster_helpers.message.content.strip
core\clustering\cluster_helpers.label_clusters_with_gpt,core\clustering\cluster_helpers.logger.info
core\clustering\cluster_helpers.label_clusters_with_gpt,json.dumps
core\clustering\cluster_helpers.flatten_cluster_map,core\clustering\cluster_helpers.cluster_map.items
core\clustering\cluster_helpers.flatten_cluster_map,core\clustering\cluster_helpers.label_map.get
core\clustering\cluster_helpers.flatten_cluster_map,core\clustering\cluster_helpers.doc.lower
core\clustering\cluster_helpers.plot_umap_clusters,matplotlib.pyplot.figure
core\clustering\cluster_helpers.plot_umap_clusters,core\clustering\cluster_helpers.unique
core\clustering\cluster_helpers.plot_umap_clusters,matplotlib.pyplot.get_cmap
core\clustering\cluster_helpers.plot_umap_clusters,core\clustering\cluster_helpers.enumerate
core\clustering\cluster_helpers.plot_umap_clusters,matplotlib.pyplot.legend
core\clustering\cluster_helpers.plot_umap_clusters,matplotlib.pyplot.title
core\clustering\cluster_helpers.plot_umap_clusters,matplotlib.pyplot.tight_layout
core\clustering\cluster_helpers.plot_umap_clusters,matplotlib.pyplot.savefig
core\clustering\cluster_helpers.plot_umap_clusters,matplotlib.pyplot.show
core\clustering\cluster_helpers.plot_umap_clusters,matplotlib.pyplot.get_cmap
core\clustering\cluster_helpers.plot_umap_clusters,numpy.linspace
core\clustering\cluster_helpers.plot_umap_clusters,matplotlib.pyplot.scatter
core\clustering\cluster_helpers.plot_umap_clusters,core\clustering\cluster_helpers.len
core\clustering\cluster_helpers.plot_umap_clusters,core\clustering\cluster_helpers.len
core\clustering\cluster_runner.cluster_embeddings,umap.UMAP
core\clustering\cluster_runner.cluster_embeddings,core\clustering\cluster_runner.reducer.fit_transform
core\clustering\cluster_runner.cluster_embeddings,hdbscan.HDBSCAN.fit
core\clustering\cluster_runner.cluster_embeddings,sklearn.cluster.SpectralClustering.fit
core\clustering\cluster_runner.cluster_embeddings,hdbscan.HDBSCAN
core\clustering\cluster_runner.cluster_embeddings,sklearn.cluster.SpectralClustering
core\clustering\cluster_utils.cluster_dict,core\clustering\cluster_utils.zip
core\clustering\cluster_utils.cluster_dict,core\clustering\cluster_utils.out.setdefault.append
core\clustering\cluster_utils.cluster_dict,core\clustering\cluster_utils.out.setdefault
core\clustering\cluster_utils.flatten_cluster_map,core\clustering\cluster_utils.cluster_map.items
core\clustering\cluster_utils.flatten_cluster_map,core\clustering\cluster_utils.label_map.get
core\clustering\cluster_utils.flatten_cluster_map,core\clustering\cluster_utils.doc.lower
core\clustering\cluster_utils.plot_umap_clusters,matplotlib.pyplot.figure
core\clustering\cluster_utils.plot_umap_clusters,core\clustering\cluster_utils.unique
core\clustering\cluster_utils.plot_umap_clusters,matplotlib.pyplot.get_cmap
core\clustering\cluster_utils.plot_umap_clusters,core\clustering\cluster_utils.enumerate
core\clustering\cluster_utils.plot_umap_clusters,matplotlib.pyplot.legend
core\clustering\cluster_utils.plot_umap_clusters,matplotlib.pyplot.title
core\clustering\cluster_utils.plot_umap_clusters,matplotlib.pyplot.tight_layout
core\clustering\cluster_utils.plot_umap_clusters,matplotlib.pyplot.savefig
core\clustering\cluster_utils.plot_umap_clusters,matplotlib.pyplot.close
core\clustering\cluster_utils.plot_umap_clusters,matplotlib.pyplot.get_cmap
core\clustering\cluster_utils.plot_umap_clusters,numpy.linspace
core\clustering\cluster_utils.plot_umap_clusters,matplotlib.pyplot.scatter
core\clustering\cluster_utils.plot_umap_clusters,core\clustering\cluster_utils.len
core\clustering\cluster_utils.plot_umap_clusters,core\clustering\cluster_utils.len
core\clustering\export.export_cluster_data,core\clustering\export.out_dir.mkdir
core\clustering\export.export_cluster_data,pandas.DataFrame
core\clustering\export.export_cluster_data,core\clustering\export.zip
core\clustering\export.export_cluster_data,core\clustering\export.df.to_csv
core\clustering\export.export_cluster_data,core.clustering.cluster_utils.plot_umap_clusters
core\clustering\export.export_cluster_data,core\clustering\export.logger.info
core\clustering\export.export_cluster_data,core\clustering\export.cluster_map.setdefault.append
core\clustering\export.export_cluster_data,core\clustering\export.open
core\clustering\export.export_cluster_data,json.dump
core\clustering\export.export_cluster_data,core\clustering\export.open
core\clustering\export.export_cluster_data,json.dump
core\clustering\export.export_cluster_data,core\clustering\export.df.itertuples
core\clustering\export.export_cluster_data,pandas.DataFrame.to_csv
core\clustering\export.export_cluster_data,core\clustering\export.label_map.get
core\clustering\export.export_cluster_data,core\clustering\export.records.append
core\clustering\export.export_cluster_data,core\clustering\export.cluster_map.setdefault
core\clustering\export.export_cluster_data,core\clustering\export.meta_path.exists
core\clustering\export.export_cluster_data,json.loads
core\clustering\export.export_cluster_data,pandas.DataFrame
core\clustering\export.export_cluster_data,core\clustering\export.meta_path.read_text
core\clustering\export.export_cluster_data,core\clustering\export.join
core\clustering\export.export_cluster_data,core\clustering\export.join
core\clustering\export.export_cluster_data,core\clustering\export.join
core\clustering\export.export_cluster_data,core\clustering\export.meta.get
core\clustering\export.export_cluster_data,core\clustering\export.meta.get
core\clustering\export.export_cluster_data,core\clustering\export.meta.get
core\clustering\export.export_cluster_data,core\clustering\export.meta.get
core\clustering\labeling.label_clusters,core\clustering\labeling.zip
core\clustering\labeling.label_clusters,core.config.config_registry.get_remote_config
core\clustering\labeling.label_clusters,openai.OpenAI
core\clustering\labeling.label_clusters,core\clustering\labeling.cluster_map.items
core\clustering\labeling.label_clusters,core\clustering\labeling.cluster_map.setdefault.append
core\clustering\labeling.label_clusters,core\clustering\labeling.meta_path.exists
core\clustering\labeling.label_clusters,json.loads
core\clustering\labeling.label_clusters,core\clustering\labeling.client.chat.completions.create
core\clustering\labeling.label_clusters,core\clustering\labeling.message.content.strip
core\clustering\labeling.label_clusters,core\clustering\labeling.logger.info
core\clustering\labeling.label_clusters,core\clustering\labeling.meta_path.read_text
core\clustering\labeling.label_clusters,core\clustering\labeling.meta.get
core\clustering\labeling.label_clusters,core\clustering\labeling.cluster_map.setdefault
core\clustering\labeling.label_clusters,json.dumps
core\clustering\labeling.label_clusters,core\clustering\labeling.logger.error
core\clustering\pipeline.cluster_dict,core\clustering\pipeline.zip
core\clustering\pipeline.cluster_dict,core\clustering\pipeline.out.setdefault.append
core\clustering\pipeline.cluster_dict,core\clustering\pipeline.out.setdefault
core\clustering\pipeline.run_clustering_pipeline,pathlib.Path
core\clustering\pipeline.run_clustering_pipeline,clustering.embedding.load_embeddings
core\clustering\pipeline.run_clustering_pipeline,clustering.algorithms.cluster_embeddings
core\clustering\pipeline.run_clustering_pipeline,core\clustering\pipeline.cluster_dict
core\clustering\pipeline.run_clustering_pipeline,core\clustering\pipeline.cluster_dict
core\clustering\pipeline.run_clustering_pipeline,clustering.labeling.label_clusters_with_gpt
core\clustering\pipeline.run_clustering_pipeline,clustering.labeling.label_clusters_with_gpt
core\clustering\pipeline.run_clustering_pipeline,clustering.assignments.flatten_cluster_map
core\clustering\pipeline.run_clustering_pipeline,clustering.assignments.flatten_cluster_map
core\clustering\pipeline.run_clustering_pipeline,pandas.DataFrame
core\clustering\pipeline.run_clustering_pipeline,clustering.plotting.plot_umap_clusters
core\clustering\pipeline.run_clustering_pipeline,clustering.plotting.plot_umap_clusters
core\clustering\pipeline.run_clustering_pipeline,clustering.export.export_clusters_and_summary
core\clustering\pipeline.run_clustering_pipeline,core\clustering\pipeline.assignments_hdb.get
core\clustering\pipeline.run_clustering_pipeline,core\clustering\pipeline.assignments_spec.get
core\clustering\pipeline.run_clustering_pipeline,core\clustering\pipeline.str
core\clustering\pipeline.run_clustering_pipeline,core\clustering\pipeline.str
core\clustering\pipeline.run_clustering_pipeline,core\clustering\pipeline.doc.lower
core\clustering\pipeline.run_clustering_pipeline,core\clustering\pipeline.doc.lower
core\configuration\config_registry.configure,pathlib.Path
core\configuration\config_registry.configure,pathlib.Path
core\configuration\config_registry.get_path_config,path_config.PathConfig.from_file
core\configuration\config_registry.get_path_config,path_config.PathConfig
core\configuration\config_registry.get_path_config,path_config.PathConfig
core\configuration\config_registry.get_remote_config,remote_config.RemoteConfig.from_file
core\configuration\config_registry.get_remote_config,remote_config.RemoteConfig
core\configuration\path_config.__init__,core\configuration\path_config.self._resolve_path_relative_to_root
core\configuration\path_config.__init__,core\configuration\path_config.self._resolve_path_relative_to_root
core\configuration\path_config.__init__,core\configuration\path_config.self._resolve_path_relative_to_root
core\configuration\path_config.__init__,core\configuration\path_config.self._resolve_path_relative_to_root
core\configuration\path_config.__init__,core\configuration\path_config.self._resolve_path_relative_to_root
core\configuration\path_config.__init__,core\configuration\path_config.self._resolve_path_relative_to_root
core\configuration\path_config.__init__,core\configuration\path_config.bool
core\configuration\path_config.__init__,pathlib.Path.expanduser.resolve
core\configuration\path_config.__init__,pathlib.Path.resolve
core\configuration\path_config.__init__,pathlib.Path.expanduser
core\configuration\path_config.__init__,pathlib.Path
core\configuration\path_config.__init__,pathlib.Path
core\configuration\path_config._resolve_path_relative_to_root,pathlib.Path
core\configuration\path_config._resolve_path_relative_to_root,core\configuration\path_config.path.is_absolute
core\configuration\path_config._resolve_path_relative_to_root,core\configuration\path_config.resolve
core\configuration\path_config._resolve_path_relative_to_root,core\configuration\path_config.ValueError
core\configuration\path_config._resolve_path_relative_to_root,core.constants.ERROR_PATH_RESOLVE_FAILURE.format
core\configuration\path_config.from_file,pathlib.Path.with_name
core\configuration\path_config.from_file,pathlib.Path.expanduser.resolve
core\configuration\path_config.from_file,core\configuration\path_config.cls
core\configuration\path_config.from_file,core\configuration\path_config.config_path.exists
core\configuration\path_config.from_file,core\configuration\path_config.logger.warning
core\configuration\path_config.from_file,core\configuration\path_config.cls
core\configuration\path_config.from_file,core\configuration\path_config.open
core\configuration\path_config.from_file,json.load
core\configuration\path_config.from_file,pathlib.Path
core\configuration\path_config.from_file,pathlib.Path.expanduser
core\configuration\path_config.from_file,core\configuration\path_config.config.get
core\configuration\path_config.from_file,core\configuration\path_config.config.get
core\configuration\path_config.from_file,core\configuration\path_config.config.get
core\configuration\path_config.from_file,core\configuration\path_config.config.get
core\configuration\path_config.from_file,core\configuration\path_config.config.get
core\configuration\path_config.from_file,core\configuration\path_config.config.get
core\configuration\path_config.from_file,core\configuration\path_config.config.get
core\configuration\path_config.from_file,core\configuration\path_config.config.get
core\configuration\path_config.from_file,pathlib.Path
core\configuration\remote_config.__init__,pathlib.Path.expanduser.resolve
core\configuration\remote_config.__init__,pathlib.Path.expanduser
core\configuration\remote_config.__init__,pathlib.Path
core\configuration\remote_config._from_environment,core.logger.get_logger
core\configuration\remote_config._from_environment,core\configuration\remote_config.logger.warning
core\configuration\remote_config._from_environment,pathlib.Path.expanduser.resolve
core\configuration\remote_config._from_environment,core\configuration\remote_config.cls
core\configuration\remote_config._from_environment,os.getenv
core\configuration\remote_config._from_environment,pathlib.Path.expanduser
core\configuration\remote_config._from_environment,core.constants.DEFAULT_S3_PREFIXES.items
core\configuration\remote_config._from_environment,os.getenv
core\configuration\remote_config._from_environment,os.getenv
core\configuration\remote_config._from_environment,os.getenv
core\configuration\remote_config._from_environment,os.getenv
core\configuration\remote_config._from_environment,pathlib.Path
core\configuration\remote_config._from_environment,core\configuration\remote_config.key.upper
core\configuration\remote_config._from_environment,os.getenv
core\configuration\remote_config._from_environment,pathlib.Path.cwd
core\configuration\remote_config.from_file,pathlib.Path.with_name
core\configuration\remote_config.from_file,pathlib.Path.expanduser.resolve
core\configuration\remote_config.from_file,core\configuration\remote_config.cls
core\configuration\remote_config.from_file,core\configuration\remote_config.config_path.exists
core\configuration\remote_config.from_file,core\configuration\remote_config.cls._from_environment
core\configuration\remote_config.from_file,core\configuration\remote_config.open
core\configuration\remote_config.from_file,json.load
core\configuration\remote_config.from_file,core\configuration\remote_config.KeyError
core\configuration\remote_config.from_file,pathlib.Path
core\configuration\remote_config.from_file,pathlib.Path.expanduser
core\configuration\remote_config.from_file,core.constants.ERROR_REMOTE_CONFIG_MISSING_FIELDS.format
core\configuration\remote_config.from_file,pathlib.Path
core\embeddings\embedder.get_model_for_dim,core\embeddings\embedder.MODEL_BY_DIM.get
core\embeddings\embedder.embed_text,core.config.config_registry.get_remote_config
core\embeddings\embedder.embed_text,openai.OpenAI
core\embeddings\embedder.embed_text,core.utils.budget_tracker.get_budget_tracker
core\embeddings\embedder.embed_text,tiktoken.encoding_for_model
core\embeddings\embedder.embed_text,core\embeddings\embedder.enc.encode
core\embeddings\embedder.embed_text,core\embeddings\embedder.range
core\embeddings\embedder.embed_text,numpy.mean.tolist
core\embeddings\embedder.embed_text,core\embeddings\embedder.len
core\embeddings\embedder.embed_text,core\embeddings\embedder.client.embeddings.create
core\embeddings\embedder.embed_text,core\embeddings\embedder.len
core\embeddings\embedder.embed_text,core\embeddings\embedder.enc.decode
core\embeddings\embedder.embed_text,core\embeddings\embedder.client.embeddings.create
core\embeddings\embedder.embed_text,core\embeddings\embedder.vectors.append
core\embeddings\embedder.embed_text,numpy.asarray
core\embeddings\embedder.embed_text,numpy.mean
core\embeddings\embedder.embed_text,core\embeddings\embedder.EMBED_COST_PER_1K.get
core\embeddings\embedder.embed_text,core\embeddings\embedder.tracker.check
core\embeddings\embedder.embed_text,core\embeddings\embedder.RuntimeError
core\embeddings\embedder.embed_text,core\embeddings\embedder.EMBED_COST_PER_1K.get
core\embeddings\embedder.embed_text,core\embeddings\embedder.tracker.check
core\embeddings\embedder.embed_text,core\embeddings\embedder.RuntimeError
core\embeddings\embedder.embed_text,core\embeddings\embedder.len
core\embeddings\embedder.embed_text,core\embeddings\embedder.len
core\embeddings\embedder.generate_embeddings,pathlib.Path
core\embeddings\embedder.generate_embeddings,core.config.config_registry.get_path_config
core\embeddings\embedder.generate_embeddings,core\embeddings\embedder.MODEL_DIMS.get
core\embeddings\embedder.generate_embeddings,core\embeddings\embedder.index_path.exists
core\embeddings\embedder.generate_embeddings,core.vectorstore.faiss_store.FaissStore
core\embeddings\embedder.generate_embeddings,core\embeddings\embedder.sorted
core\embeddings\embedder.generate_embeddings,core\embeddings\embedder.out_path.write_text
core\embeddings\embedder.generate_embeddings,core\embeddings\embedder.store.persist
core\embeddings\embedder.generate_embeddings,core\embeddings\embedder.id_map_path.write_text
core\embeddings\embedder.generate_embeddings,core\embeddings\embedder.logger.info
core\embeddings\embedder.generate_embeddings,core\embeddings\embedder.logger.info
core\embeddings\embedder.generate_embeddings,core\embeddings\embedder.index_path.unlink
core\embeddings\embedder.generate_embeddings,core\embeddings\embedder.source_dir.glob
core\embeddings\embedder.generate_embeddings,json.dumps
core\embeddings\embedder.generate_embeddings,json.dumps
core\embeddings\embedder.generate_embeddings,core\embeddings\embedder.len
core\embeddings\embedder.generate_embeddings,core\embeddings\embedder.file.read_text
core\embeddings\embedder.generate_embeddings,core\embeddings\embedder.text.strip
core\embeddings\embedder.generate_embeddings,core\embeddings\embedder.logger.warning
core\embeddings\embedder.generate_embeddings,core.parsing.semantic_chunk.semantic_chunk
core\embeddings\embedder.generate_embeddings,core\embeddings\embedder.store.add
core\embeddings\embedder.generate_embeddings,core\embeddings\embedder.chunk_dir.mkdir
core\embeddings\embedder.generate_embeddings,core\embeddings\embedder.enumerate
core\embeddings\embedder.generate_embeddings,core\embeddings\embedder.logger.exception
core\embeddings\embedder.generate_embeddings,core\embeddings\embedder.raw_path.exists
core\embeddings\embedder.generate_embeddings,core\embeddings\embedder.raw_path.read_text
core\embeddings\embedder.generate_embeddings,core\embeddings\embedder.ValueError
core\embeddings\embedder.generate_embeddings,core\embeddings\embedder.len
core\embeddings\embedder.generate_embeddings,core\embeddings\embedder.int.from_bytes
core\embeddings\embedder.generate_embeddings,core\embeddings\embedder.str
core\embeddings\embedder.generate_embeddings,core\embeddings\embedder.store.add
core\embeddings\embedder.generate_embeddings,core\embeddings\embedder.write_text
core\embeddings\embedder.generate_embeddings,json.loads
core\embeddings\embedder.generate_embeddings,core\embeddings\embedder.meta.get
core\embeddings\embedder.generate_embeddings,core\embeddings\embedder.embed_text
core\embeddings\embedder.generate_embeddings,core.parsing.chunk_text.chunk_text
core\embeddings\embedder.generate_embeddings,hashlib.blake2b.digest
core\embeddings\embedder.generate_embeddings,core\embeddings\embedder.store._hash_id
core\embeddings\embedder.generate_embeddings,core\embeddings\embedder.str
core\embeddings\embedder.generate_embeddings,json.dumps
core\embeddings\embedder.generate_embeddings,core\embeddings\embedder.file.read_text
core\embeddings\embedder.generate_embeddings,hashlib.blake2b
core\embeddings\embedder.generate_embeddings,core\embeddings\embedder.doc_id.encode
core\embeddings\loader._extract_embedding,numpy.asarray
core\embeddings\loader._extract_embedding,core\embeddings\loader.array.reshape
core\embeddings\loader._extract_embedding,core\embeddings\loader.array.reshape
core\embeddings\loader.load_embeddings,pathlib.Path
core\embeddings\loader.load_embeddings,core\embeddings\loader.list
core\embeddings\loader.load_embeddings,numpy.vstack
core\embeddings\loader.load_embeddings,core\embeddings\loader.open
core\embeddings\loader.load_embeddings,json.load
core\embeddings\loader.load_embeddings,core\embeddings\loader.data.keys
core\embeddings\loader.load_embeddings,core\embeddings\loader.isinstance
core\embeddings\loader.load_embeddings,core\embeddings\loader.vectors.append
core\embeddings\loader.load_embeddings,core\embeddings\loader.matrix.reshape
core\embeddings\loader.load_embeddings,numpy.asarray
core\embeddings\loader.load_embeddings,numpy.empty
core\embeddings\loader.load_embeddings,core\embeddings\loader._extract_embedding
core\embeddings\loader.load_embeddings,numpy.atleast_2d
core\embeddings\loader.load_embeddings,core\embeddings\loader.matrix.reshape
core\embeddings\loader.load_embeddings,core\embeddings\loader.ValueError
core\llm\invoke.load_prompt,core\llm\invoke.path.read_text
core\llm\invoke.load_prompt,core\llm\invoke.path.exists
core\llm\invoke.load_prompt,core\llm\invoke.FileNotFoundError
core\llm\invoke.load_prompt,core.constants.ERROR_PROMPT_FILE_NOT_FOUND.format
core\llm\invoke.run_openai_completion,openai.OpenAI
core\llm\invoke.run_openai_completion,core.utils.budget_tracker.get_budget_tracker
core\llm\invoke.run_openai_completion,core\llm\invoke.client.chat.completions.create
core\llm\invoke.run_openai_completion,core\llm\invoke.message.content.strip
core\llm\invoke.run_openai_completion,tiktoken.encoding_for_model
core\llm\invoke.run_openai_completion,core\llm\invoke.len
core\llm\invoke.run_openai_completion,core\llm\invoke.enc.encode
core\llm\invoke.run_openai_completion,core\llm\invoke.tracker.check
core\llm\invoke.run_openai_completion,core\llm\invoke.RuntimeError
core\llm\invoke.run_openai_completion,core\llm\invoke.LLM_PROMPT_COST_PER_1K.get
core\llm\invoke.run_openai_completion,core\llm\invoke.LLM_COMPLETION_COST_PER_1K.get
core\llm\invoke.run_openai_completion,core.config.remote_config.RemoteConfig.from_file
core\llm\invoke.summarize_text,core\llm\invoke.run_openai_completion
core\llm\invoke.summarize_text,core.config.remote_config.RemoteConfig.from_file
core\llm\invoke.summarize_text,core\llm\invoke.prompt_override.format
core\llm\invoke.summarize_text,core\llm\invoke.load_prompt
core\llm\invoke.summarize_text,core\llm\invoke.base_prompt.format
core\llm\invoke.summarize_text,json.loads
core\llm\invoke.summarize_text,core\llm\invoke.ValueError
core\llm\invoke.summarize_text,core.constants.ERROR_OPENAI_RESPONSE_NOT_JSON.format
core\llm\invoke.test_summarize_text_standard,core\llm\invoke.summarize_text
core\llm\invoke.test_summarize_text_standard,core\llm\invoke.isinstance
core\llm\invoke.test_summarize_text_standard,core\llm\invoke.isinstance
core\llm\invoke.test_summarize_text_standard,core\llm\invoke.result.get
core\llm\invoke.test_summarize_text_chatlog,core\llm\invoke.summarize_text
core\llm\invoke.test_summarize_text_chatlog,core\llm\invoke.isinstance
core\llm\invoke.test_summarize_text_chatlog,core\llm\invoke.result.get
core\memory\frame_store.__init__,core.config.config_registry.get_path_config
core\memory\frame_store.__init__,core\memory\frame_store.self.path.mkdir
core\memory\frame_store.save_frame,core\memory\frame_store.fpath.write_text
core\memory\frame_store.save_frame,json.dumps
core\memory\frame_store.load_frame,core\memory\frame_store.fpath.exists
core\memory\frame_store.load_frame,json.loads
core\memory\frame_store.load_frame,core\memory\frame_store.data.get
core\memory\frame_store.load_frame,core\memory\frame_store.fpath.read_text
core\memory\frame_store.inject_memory,core\memory\frame_store.self.load_frame
core\memory\frame_store.inject_memory,core\memory\frame_store.fragments.append
core\memory\frame_store.inject_memory,core\memory\frame_store.join
core\memory\memory_proxy.extract_metadata_from_intent,re.search
core\memory\memory_proxy.extract_metadata_from_intent,core\memory\memory_proxy.match.groups
core\memory\memory_proxy.extract_metadata_from_intent,core\memory\memory_proxy.open
core\memory\memory_proxy.extract_metadata_from_intent,core\memory\memory_proxy.f.readlines
core\memory\memory_proxy.extract_metadata_from_intent,core\memory\memory_proxy.line.strip.startswith
core\memory\memory_proxy.extract_metadata_from_intent,core\memory\memory_proxy.str
core\memory\memory_proxy.extract_metadata_from_intent,core\memory\memory_proxy.join
core\memory\memory_proxy.extract_metadata_from_intent,core\memory\memory_proxy.line.strip.lstrip.strip
core\memory\memory_proxy.extract_metadata_from_intent,core\memory\memory_proxy.line.strip
core\memory\memory_proxy.extract_metadata_from_intent,core\memory\memory_proxy.line.strip.lstrip
core\memory\memory_proxy.extract_metadata_from_intent,core\memory\memory_proxy.line.strip
core\memory\memory_proxy.load_all_intents,core\memory\memory_proxy.INTENT_DIR.glob
core\memory\memory_proxy.load_all_intents,core\memory\memory_proxy.extract_metadata_from_intent
core\memory\memory_proxy.load_all_intents,core\memory\memory_proxy.extract_metadata_from_intent
core\memory\memory_proxy.find_relevant_intents,core\memory\memory_proxy.prompt.lower
core\memory\memory_proxy.find_relevant_intents,core\memory\memory_proxy.scored.sort
core\memory\memory_proxy.find_relevant_intents,core\memory\memory_proxy.sum
core\memory\memory_proxy.find_relevant_intents,core\memory\memory_proxy.scored.append
core\memory\memory_proxy.find_relevant_intents,core\memory\memory_proxy.prompt_lower.split
core\memory\memory_proxy.find_relevant_intents,core\memory\memory_proxy.lower
core\metadata\io.save_metadata,core.metadata.schema.validate_metadata
core\metadata\io.save_metadata,core\metadata\io.meta_dir.mkdir
core\metadata\io.save_metadata,core.storage.local.save_json
core\metadata\io.save_metadata,core\metadata\io.str
core\metadata\io.load_metadata,core.storage.local.load_json
core\metadata\io.load_metadata,core.metadata.schema.validate_metadata
core\metadata\io_helpers.get_parsed_text,core\metadata\io_helpers.parsed_path.exists
core\metadata\io_helpers.get_parsed_text,core\metadata\io_helpers.stub_path.exists
core\metadata\io_helpers.get_parsed_text,core\metadata\io_helpers.logger.info
core\metadata\io_helpers.get_parsed_text,core.storage.aws_clients.get_s3_client
core\metadata\io_helpers.get_parsed_text,core\metadata\io_helpers.s3.download_file
core\metadata\io_helpers.get_parsed_text,core\metadata\io_helpers.parsed_path.read_text
core\metadata\io_helpers.get_parsed_text,pathlib.Path
core\metadata\io_helpers.get_parsed_text,pathlib.Path
core\metadata\io_helpers.get_parsed_text,core\metadata\io_helpers.parsed_path.read_text
core\metadata\io_helpers.get_parsed_text,core\metadata\io_helpers.raw_path.exists
core\metadata\io_helpers.get_parsed_text,core\metadata\io_helpers.stub_path.open
core\metadata\io_helpers.get_parsed_text,json.load
core\metadata\io_helpers.get_parsed_text,pathlib.Path
core\metadata\io_helpers.get_parsed_text,pathlib.Path
core\metadata\io_helpers.get_parsed_text,core\metadata\io_helpers.logger.info
core\metadata\io_helpers.get_parsed_text,core.parsing.extract_text.extract_text
core\metadata\io_helpers.get_parsed_text,core\metadata\io_helpers.parsed_path.write_text
core\metadata\io_helpers.get_parsed_text,core\metadata\io_helpers.str
core\metadata\io_helpers.get_parsed_text,core\metadata\io_helpers.str
core\metadata\merge.merge_metadata_blocks,core\metadata\merge.join
core\metadata\merge.merge_metadata_blocks,core\metadata\merge.flatten
core\metadata\merge.merge_metadata_blocks,core\metadata\merge.flatten
core\metadata\merge.merge_metadata_blocks,core\metadata\merge.flatten
core\metadata\merge.merge_metadata_blocks,core\metadata\merge.round
core\metadata\merge.merge_metadata_blocks,core\metadata\merge.ValueError
core\metadata\merge.merge_metadata_blocks,core\metadata\merge.list
core\metadata\merge.merge_metadata_blocks,core\metadata\merge.summary.strip
core\metadata\merge.merge_metadata_blocks,core\metadata\merge.most_common
core\metadata\merge.merge_metadata_blocks,core\metadata\merge.most_common
core\metadata\merge.merge_metadata_blocks,core\metadata\merge.most_common
core\metadata\merge.merge_metadata_blocks,core\metadata\merge.most_common
core\metadata\merge.merge_metadata_blocks,core\metadata\merge.block.get
core\metadata\merge.merge_metadata_blocks,core\metadata\merge.sum
core\metadata\merge.merge_metadata_blocks,core\metadata\merge.len
core\metadata\merge.merge_metadata_blocks,collections.Counter.most_common
core\metadata\merge.merge_metadata_blocks,core\metadata\merge.block.get
core\metadata\merge.merge_metadata_blocks,core\metadata\merge.block.get
core\metadata\merge.merge_metadata_blocks,collections.Counter
core\metadata\merge.merge_metadata_blocks,core\metadata\merge.block.get
core\metadata\merge.resolve_parsed_filename,core\metadata\merge.name.endswith
core\metadata\merge.resolve_parsed_filename,pathlib.Path
core\metadata\merge.resolve_parsed_filename,core\metadata\merge.stub_path.glob
core\metadata\merge.resolve_parsed_filename,core\metadata\merge.FileNotFoundError
core\metadata\merge.resolve_parsed_filename,pathlib.Path
core\metadata\merge.resolve_parsed_filename,core\metadata\merge.open
core\metadata\merge.resolve_parsed_filename,json.load
core\metadata\merge.resolve_parsed_filename,pathlib.Path.name.lower
core\metadata\merge.resolve_parsed_filename,core\metadata\merge.name.lower
core\metadata\merge.resolve_parsed_filename,pathlib.Path
core\metadata\merge.resolve_parsed_filename,pathlib.Path
core\metadata\merge.resolve_parsed_filename,core\metadata\merge.stub.get
core\metadata\merge.flatten,core\metadata\merge.list
core\metadata\merge.flatten,core\metadata\merge.block.get
core\metadata\merge.most_common,collections.Counter.most_common
core\metadata\merge.most_common,collections.Counter
core\metadata\merge.most_common,core\metadata\merge.block.get
core\metadata\schema.validate_metadata,core.config.config_registry.get_path_config
core\metadata\schema.validate_metadata,pathlib.Path
core\metadata\schema.validate_metadata,core\metadata\schema.logger.info
core\metadata\schema.validate_metadata,jsonschema.validate
core\metadata\schema.validate_metadata,core\metadata\schema.schema_path.exists
core\metadata\schema.validate_metadata,core\metadata\schema.FileNotFoundError
core\metadata\schema.validate_metadata,core\metadata\schema.open
core\metadata\schema.validate_metadata,json.load
core\metadata\schema.validate_metadata,core.constants.ERROR_SCHEMA_FILE_NOT_FOUND.format
core\parsing\chunk_text.chunk_text,core\parsing\chunk_text.text.split
core\parsing\chunk_text.chunk_text,core\parsing\chunk_text.current.strip
core\parsing\chunk_text.chunk_text,core\parsing\chunk_text.para.strip
core\parsing\chunk_text.chunk_text,core\parsing\chunk_text.chunks.append
core\parsing\chunk_text.chunk_text,core\parsing\chunk_text.chunk.strip
core\parsing\chunk_text.chunk_text,core\parsing\chunk_text.len
core\parsing\chunk_text.chunk_text,core\parsing\chunk_text.current.strip
core\parsing\chunk_text.chunk_text,core\parsing\chunk_text.chunks.extend
core\parsing\chunk_text.chunk_text,core\parsing\chunk_text.chunks.append
core\parsing\chunk_text.chunk_text,core\parsing\chunk_text.current.strip
core\parsing\chunk_text.chunk_text,core\parsing\chunk_text.chunk.strip
core\parsing\chunk_text.chunk_text,core\parsing\chunk_text.chunks.append
core\parsing\chunk_text.chunk_text,core\parsing\chunk_text.current.strip
core\parsing\chunk_text.chunk_text,core\parsing\chunk_text.current.strip
core\parsing\chunk_text.chunk_text,core\parsing\chunk_text.range
core\parsing\chunk_text.chunk_text,core\parsing\chunk_text.len
core\parsing\chunk_text.chunk_text,core\parsing\chunk_text.len
core\parsing\chunk_text.chunk_text,core\parsing\chunk_text.len
core\parsing\extract_text.extract_text,core\parsing\extract_text.lower
core\parsing\extract_text.extract_text,core\parsing\extract_text.open
core\parsing\extract_text.extract_text,core\parsing\extract_text.f.read
core\parsing\extract_text.extract_text,os.path.splitext
core\parsing\extract_text.extract_text,core\parsing\extract_text.open
core\parsing\extract_text.extract_text,markdown.markdown
core\parsing\extract_text.extract_text,core\parsing\extract_text.f.read
core\parsing\extract_text.extract_text,docx.Document
core\parsing\extract_text.extract_text,core\parsing\extract_text.join
core\parsing\extract_text.extract_text,fitz.open
core\parsing\extract_text.extract_text,core\parsing\extract_text.join
core\parsing\extract_text.extract_text,core\parsing\extract_text.ValueError
core\parsing\extract_text.extract_text,core\parsing\extract_text.open
core\parsing\extract_text.extract_text,core\parsing\extract_text.f.read
core\parsing\extract_text.extract_text,core\parsing\extract_text.ValueError
core\parsing\extract_text.extract_text,core\parsing\extract_text.page.get_text
core\parsing\normalize.normalize_filename,re.sub
core\parsing\normalize.normalize_filename,core\parsing\normalize.sanitized.replace.replace
core\parsing\normalize.normalize_filename,re.sub
core\parsing\normalize.normalize_filename,re.sub.strip
core\parsing\normalize.normalize_filename,core\parsing\normalize.sanitized.lower
core\parsing\normalize.normalize_filename,core\parsing\normalize.sanitized.replace
core\parsing\normalize.normalize_filename,re.sub
core\parsing\openai_export._load_conversations,core\parsing\openai_export.export_path.is_dir
core\parsing\openai_export._load_conversations,zipfile.ZipFile
core\parsing\openai_export._load_conversations,core\parsing\openai_export.conv_path.open
core\parsing\openai_export._load_conversations,json.load
core\parsing\openai_export._load_conversations,core\parsing\openai_export.next
core\parsing\openai_export._load_conversations,core\parsing\openai_export.zf.open
core\parsing\openai_export._load_conversations,json.load
core\parsing\openai_export._load_conversations,core\parsing\openai_export.FileNotFoundError
core\parsing\openai_export._load_conversations,core\parsing\openai_export.zf.namelist
core\parsing\openai_export._load_conversations,core\parsing\openai_export.n.endswith
core\parsing\openai_export._extract_messages,core\parsing\openai_export.convo.get
core\parsing\openai_export._extract_messages,core\parsing\openai_export.convo.get
core\parsing\openai_export._extract_messages,core\parsing\openai_export.reversed
core\parsing\openai_export._extract_messages,core\parsing\openai_export.mapping.get
core\parsing\openai_export._extract_messages,core\parsing\openai_export.node.get
core\parsing\openai_export._extract_messages,core\parsing\openai_export.node.get
core\parsing\openai_export._extract_messages,core\parsing\openai_export.node.get
core\parsing\openai_export._extract_messages,core\parsing\openai_export.msg.get.get
core\parsing\openai_export._extract_messages,core\parsing\openai_export.get
core\parsing\openai_export._extract_messages,core\parsing\openai_export.isinstance
core\parsing\openai_export._extract_messages,core\parsing\openai_export.msg.get.get
core\parsing\openai_export._extract_messages,core\parsing\openai_export.join
core\parsing\openai_export._extract_messages,core\parsing\openai_export.path.append
core\parsing\openai_export._extract_messages,core\parsing\openai_export.msg.get
core\parsing\openai_export._extract_messages,core\parsing\openai_export.isinstance
core\parsing\openai_export._extract_messages,core\parsing\openai_export.msg.get
core\parsing\openai_export.parse_chatgpt_export,pathlib.Path
core\parsing\openai_export.parse_chatgpt_export,pathlib.Path
core\parsing\openai_export.parse_chatgpt_export,core\parsing\openai_export.out_dir.mkdir
core\parsing\openai_export.parse_chatgpt_export,core\parsing\openai_export.prompt_dir.mkdir
core\parsing\openai_export.parse_chatgpt_export,core\parsing\openai_export._load_conversations
core\parsing\openai_export.parse_chatgpt_export,core\parsing\openai_export.enumerate
core\parsing\openai_export.parse_chatgpt_export,core\parsing\openai_export._extract_messages
core\parsing\openai_export.parse_chatgpt_export,core\parsing\openai_export.convo_file.write_text
core\parsing\openai_export.parse_chatgpt_export,core\parsing\openai_export.prompt_file.write_text
core\parsing\openai_export.parse_chatgpt_export,core\parsing\openai_export.outputs.append
core\parsing\openai_export.parse_chatgpt_export,core\parsing\openai_export.convo.get
core\parsing\openai_export.parse_chatgpt_export,normalize.normalize_filename
core\parsing\openai_export.parse_chatgpt_export,core\parsing\openai_export.ValueError
core\parsing\openai_export.parse_chatgpt_export,core\parsing\openai_export.text.strip
core\parsing\openai_export.parse_chatgpt_export,core\parsing\openai_export.join
core\parsing\openai_export.parse_chatgpt_export,core\parsing\openai_export.join
core\parsing\openai_export.parse_chatgpt_export,core\parsing\openai_export.lines.append
core\parsing\openai_export.parse_chatgpt_export,core\parsing\openai_export.lines.append
core\parsing\openai_export.parse_chatgpt_export,core\parsing\openai_export.prompts.append
core\parsing\openai_export.parse_chatgpt_export,core\parsing\openai_export.role.title
core\parsing\openai_export.parse_chatgpt_export,core\parsing\openai_export.role.upper
core\parsing\semantic_chunk._cluster_embeddings,numpy.asarray
core\parsing\semantic_chunk._cluster_embeddings,umap.UMAP
core\parsing\semantic_chunk._cluster_embeddings,core\parsing\semantic_chunk.reducer.fit_transform
core\parsing\semantic_chunk._cluster_embeddings,core\parsing\semantic_chunk.logger.debug
core\parsing\semantic_chunk._cluster_embeddings,core\parsing\semantic_chunk.labels.tolist
core\parsing\semantic_chunk._cluster_embeddings,core\parsing\semantic_chunk.ModuleNotFoundError
core\parsing\semantic_chunk._cluster_embeddings,hdbscan.HDBSCAN
core\parsing\semantic_chunk._cluster_embeddings,core\parsing\semantic_chunk.clusterer.fit_predict
core\parsing\semantic_chunk._cluster_embeddings,core\parsing\semantic_chunk.labels.tolist
core\parsing\semantic_chunk._cluster_embeddings,core\parsing\semantic_chunk.max
core\parsing\semantic_chunk._cluster_embeddings,sklearn.cluster.SpectralClustering
core\parsing\semantic_chunk._cluster_embeddings,core\parsing\semantic_chunk.clusterer.fit_predict
core\parsing\semantic_chunk._cluster_embeddings,core\parsing\semantic_chunk.ModuleNotFoundError
core\parsing\semantic_chunk._cluster_embeddings,core\parsing\semantic_chunk.min
core\parsing\semantic_chunk._cluster_embeddings,core\parsing\semantic_chunk.logger.exception
core\parsing\semantic_chunk._cluster_embeddings,hdbscan.HDBSCAN
core\parsing\semantic_chunk._cluster_embeddings,core\parsing\semantic_chunk.clusterer.fit_predict
core\parsing\semantic_chunk._cluster_embeddings,core\parsing\semantic_chunk.len
core\parsing\semantic_chunk._cluster_embeddings,core\parsing\semantic_chunk.ModuleNotFoundError
core\parsing\semantic_chunk.semantic_chunk,tiktoken.encoding_for_model
core\parsing\semantic_chunk.semantic_chunk,core\parsing\semantic_chunk.enc.encode
core\parsing\semantic_chunk.semantic_chunk,core\parsing\semantic_chunk.logger.debug
core\parsing\semantic_chunk.semantic_chunk,core\parsing\semantic_chunk.range
core\parsing\semantic_chunk.semantic_chunk,core\parsing\semantic_chunk.logger.debug
core\parsing\semantic_chunk.semantic_chunk,core\parsing\semantic_chunk._cluster_embeddings
core\parsing\semantic_chunk.semantic_chunk,core\parsing\semantic_chunk.range
core\parsing\semantic_chunk.semantic_chunk,core\parsing\semantic_chunk.enc.decode
core\parsing\semantic_chunk.semantic_chunk,core\parsing\semantic_chunk.segments.append
core\parsing\semantic_chunk.semantic_chunk,core\parsing\semantic_chunk.logger.debug
core\parsing\semantic_chunk.semantic_chunk,core\parsing\semantic_chunk.ModuleNotFoundError
core\parsing\semantic_chunk.semantic_chunk,core\parsing\semantic_chunk.len
core\parsing\semantic_chunk.semantic_chunk,core\parsing\semantic_chunk.len
core\parsing\semantic_chunk.semantic_chunk,core\parsing\semantic_chunk.enc.decode
core\parsing\semantic_chunk.semantic_chunk,core.embeddings.embedder.embed_text
core\parsing\semantic_chunk.semantic_chunk,core\parsing\semantic_chunk.windows.append
core\parsing\semantic_chunk.semantic_chunk,core\parsing\semantic_chunk.starts.append
core\parsing\semantic_chunk.semantic_chunk,core\parsing\semantic_chunk.len
core\parsing\semantic_chunk.semantic_chunk,core\parsing\semantic_chunk.len
core\parsing\semantic_chunk.semantic_chunk,core\parsing\semantic_chunk.len
core\parsing\semantic_chunk.semantic_chunk,core\parsing\semantic_chunk.enc.decode
core\parsing\semantic_chunk.semantic_chunk,core\parsing\semantic_chunk.segments.append
core\parsing\semantic_chunk.semantic_chunk,core.embeddings.embedder.embed_text
core\parsing\semantic_chunk.semantic_chunk,core\parsing\semantic_chunk.len
core\parsing\semantic_chunk.semantic_chunk,core\parsing\semantic_chunk.int
core\parsing\semantic_chunk.semantic_chunk,core.embeddings.embedder.embed_text
core\parsing\semantic_chunk.semantic_chunk,core\parsing\semantic_chunk.len
core\parsing\semantic_chunk.semantic_chunk,core\parsing\semantic_chunk.len
core\parsing\semantic_chunk.semantic_chunk,core.embeddings.embedder.embed_text
core\parsing\semantic_chunk.semantic_chunk,core\parsing\semantic_chunk.int
core\parsing\semantic_chunk.semantic_chunk_text,core\parsing\semantic_chunk.semantic_chunk
core\parsing\topic_segmenter.topic_segmenter,semantic_chunk.semantic_chunk_text
core\parsing\topic_segmenter.topic_segmenter,core\parsing\topic_segmenter.len
core\parsing\topic_segmenter.topic_segmenter,chunk_text.chunk_text
core\parsing\topic_segmenter.segment_text,semantic_chunk.semantic_chunk_text
core\parsing\topic_segmenter.segment_topics,tiktoken.encoding_for_model
core\parsing\topic_segmenter.segment_topics,core\parsing\topic_segmenter.enc.encode
core\parsing\topic_segmenter.segment_topics,core\parsing\topic_segmenter.range
core\parsing\topic_segmenter.segment_topics,core\parsing\topic_segmenter.logger.info
core\parsing\topic_segmenter.segment_topics,numpy.asarray
core\parsing\topic_segmenter.segment_topics,umap.UMAP
core\parsing\topic_segmenter.segment_topics,core\parsing\topic_segmenter.reducer.fit_transform
core\parsing\topic_segmenter.segment_topics,hdbscan.HDBSCAN
core\parsing\topic_segmenter.segment_topics,core\parsing\topic_segmenter.clusterer.fit_predict
core\parsing\topic_segmenter.segment_topics,core\parsing\topic_segmenter.logger.info
core\parsing\topic_segmenter.segment_topics,core\parsing\topic_segmenter.int
core\parsing\topic_segmenter.segment_topics,core\parsing\topic_segmenter.range
core\parsing\topic_segmenter.segment_topics,core\parsing\topic_segmenter.segments.append
core\parsing\topic_segmenter.segment_topics,core\parsing\topic_segmenter.ModuleNotFoundError
core\parsing\topic_segmenter.segment_topics,core\parsing\topic_segmenter.len
core\parsing\topic_segmenter.segment_topics,core\parsing\topic_segmenter.enc.decode
core\parsing\topic_segmenter.segment_topics,core.embeddings.embedder.embed_text
core\parsing\topic_segmenter.segment_topics,core\parsing\topic_segmenter.windows.append
core\parsing\topic_segmenter.segment_topics,core\parsing\topic_segmenter.starts.append
core\parsing\topic_segmenter.segment_topics,core\parsing\topic_segmenter.logger.warning
core\parsing\topic_segmenter.segment_topics,core\parsing\topic_segmenter.len
core\parsing\topic_segmenter.segment_topics,core\parsing\topic_segmenter.ModuleNotFoundError
core\parsing\topic_segmenter.segment_topics,core\parsing\topic_segmenter.logger.warning
core\parsing\topic_segmenter.segment_topics,core\parsing\topic_segmenter.ModuleNotFoundError
core\parsing\topic_segmenter.segment_topics,core\parsing\topic_segmenter.len
core\parsing\topic_segmenter.segment_topics,core\parsing\topic_segmenter.len
core\parsing\topic_segmenter.segment_topics,core\parsing\topic_segmenter.int
core\parsing\topic_segmenter.segment_topics,core\parsing\topic_segmenter.segments.append
core\parsing\topic_segmenter.segment_topics,core\parsing\topic_segmenter.int
core\parsing\topic_segmenter.segment_topics,core\parsing\topic_segmenter.enc.decode
core\parsing\topic_segmenter.segment_topics,core\parsing\topic_segmenter.len
core\parsing\topic_segmenter.segment_topics,core\parsing\topic_segmenter.len
core\parsing\topic_segmenter.segment_topics,core\parsing\topic_segmenter.set
core\parsing\topic_segmenter.segment_topics,core\parsing\topic_segmenter.enc.decode
core\parsing\topic_segmenter.segment_topics,core\parsing\topic_segmenter.len
core\parsing\__init__.semantic_chunk_text,openai_export.parse_chatgpt_export
core\parsing\__init__.segment_text,openai_export.parse_chatgpt_export
core\parsing\__init__.segment_topics,openai_export.parse_chatgpt_export
core\parsing\__init__.topic_segmenter,openai_export.parse_chatgpt_export
core\parsing\__init__.parse_chatgpt_export,openai_export.parse_chatgpt_export
core\retrieval\retriever.__init__,core.logger.get_logger
core\retrieval\retriever.__init__,core.config.config_registry.get_path_config
core\retrieval\retriever.__init__,core.embeddings.embedder.MODEL_DIMS.get
core\retrieval\retriever.__init__,core\retrieval\retriever.id_map_path.exists
core\retrieval\retriever.__init__,core.vectorstore.faiss_store.FaissStore
core\retrieval\retriever.__init__,core.embeddings.embedder.get_model_for_dim
core\retrieval\retriever.__init__,core\retrieval\retriever.self.logger.info
core\retrieval\retriever.__init__,core\retrieval\retriever.int
core\retrieval\retriever.__init__,core\retrieval\retriever.exists
core\retrieval\retriever.__init__,json.loads.items
core\retrieval\retriever.__init__,json.loads
core\retrieval\retriever.__init__,core\retrieval\retriever.id_map_path.read_text
core\retrieval\retriever.query,core\retrieval\retriever.self.query_multi
core\retrieval\retriever.query_file,pathlib.Path.read_text
core\retrieval\retriever.query_file,core\retrieval\retriever.self.query
core\retrieval\retriever.query_file,pathlib.Path
core\retrieval\retriever.query_multi,core\retrieval\retriever.sorted
core\retrieval\retriever.query_multi,typing.cast
core\retrieval\retriever.query_multi,numpy.asarray
core\retrieval\retriever.query_multi,core\retrieval\retriever.self.store.search
core\retrieval\retriever.query_multi,core\retrieval\retriever.doc_groups.items
core\retrieval\retriever.query_multi,typing.cast
core\retrieval\retriever.query_multi,typing.cast
core\retrieval\retriever.query_multi,core.embeddings.embedder.embed_text
core\retrieval\retriever.query_multi,core\retrieval\retriever.self.id_map.get
core\retrieval\retriever.query_multi,core\retrieval\retriever.score_map.setdefault.append
core\retrieval\retriever.query_multi,core\retrieval\retriever.doc_groups.setdefault
core\retrieval\retriever.query_multi,core\retrieval\retriever.scores_list.append
core\retrieval\retriever.query_multi,core\retrieval\retriever.chunks_list.append
core\retrieval\retriever.query_multi,core\retrieval\retriever.float
core\retrieval\retriever.query_multi,core\retrieval\retriever.enriched.append
core\retrieval\retriever.query_multi,core\retrieval\retriever.str
core\retrieval\retriever.query_multi,core\retrieval\retriever.float
core\retrieval\retriever.query_multi,core\retrieval\retriever.score_map.items
core\retrieval\retriever.query_multi,core\retrieval\retriever.name.split
core\retrieval\retriever.query_multi,numpy.mean
core\retrieval\retriever.query_multi,core\retrieval\retriever.aggregated.append
core\retrieval\retriever.query_multi,core\retrieval\retriever.aggregated.append
core\retrieval\retriever.query_multi,core\retrieval\retriever.sorted
core\retrieval\retriever.query_multi,core\retrieval\retriever.chunk_path.exists
core\retrieval\retriever.query_multi,core\retrieval\retriever.chunk_path.read_text
core\retrieval\retriever.query_multi,core\retrieval\retriever.score_map.setdefault
core\retrieval\retriever.query_multi,numpy.mean
core\retrieval\retriever.query_multi,core\retrieval\retriever.texts_combined.append
core\retrieval\retriever.query_multi,core\retrieval\retriever.chunk_path.exists
core\retrieval\retriever.query_multi,core\retrieval\retriever.chunk_path.read_text
core\retrieval\retriever.query_multi,core\retrieval\retriever.join
core\storage\aws_clients.get_s3_client,core\storage\aws_clients.session.client
core\storage\aws_clients.get_s3_client,boto3.Session
core\storage\aws_clients.get_s3_client,boto3.Session
core\storage\aws_clients.get_lambda_client,core\storage\aws_clients.session.client
core\storage\aws_clients.get_lambda_client,boto3.Session
core\storage\aws_clients.get_lambda_client,boto3.Session
core\storage\local.save_json,pathlib.Path
core\storage\local.save_json,core\storage\local.open
core\storage\local.save_json,json.dump
core\storage\local.load_json,pathlib.Path
core\storage\local.load_json,core\storage\local.open
core\storage\local.load_json,json.load
core\storage\s3_utils.save_metadata_s3,core.metadata.schema.validate_metadata
core\storage\s3_utils.save_metadata_s3,core\storage\s3_utils.s3.put_object
core\storage\s3_utils.save_metadata_s3,core.storage.aws_clients.get_s3_client
core\storage\s3_utils.save_metadata_s3,json.dumps.encode
core\storage\s3_utils.save_metadata_s3,json.dumps
core\storage\s3_utils.load_metadata_s3,core.storage.aws_clients.get_s3_client
core\storage\s3_utils.load_metadata_s3,core\storage\s3_utils.s3.get_object
core\storage\s3_utils.load_metadata_s3,json.load
core\storage\s3_utils.load_metadata_s3,core.metadata.schema.validate_metadata
core\storage\s3_utils.load_metadata_s3,core\storage\s3_utils.FileNotFoundError
core\storage\s3_utils.load_metadata_s3,core.constants.ERROR_S3_KEY_NOT_FOUND.format
core\storage\s3_utils.download_file_from_s3,core.storage.aws_clients.get_s3_client
core\storage\s3_utils.download_file_from_s3,core.config.RemoteConfig.from_file
core\storage\s3_utils.download_file_from_s3,core\storage\s3_utils.s3.download_file
core\storage\s3_utils.clear_s3_folders,core.config.RemoteConfig.from_file
core\storage\s3_utils.clear_s3_folders,core.storage.aws_clients.get_s3_client
core\storage\s3_utils.clear_s3_folders,core\storage\s3_utils.logger.info
core\storage\s3_utils.clear_s3_folders,core\storage\s3_utils.s3.list_objects_v2
core\storage\s3_utils.clear_s3_folders,core\storage\s3_utils.logger.info
core\storage\s3_utils.clear_s3_folders,core\storage\s3_utils.s3.delete_object
core\storage\upload_local.prepare_document_for_processing,pathlib.Path
core\storage\upload_local.prepare_document_for_processing,core\storage\upload_local.paths.raw.mkdir
core\storage\upload_local.prepare_document_for_processing,core\storage\upload_local.paths.parsed.mkdir
core\storage\upload_local.prepare_document_for_processing,core\storage\upload_local.paths.metadata.mkdir
core\storage\upload_local.prepare_document_for_processing,core\storage\upload_local.dest_raw.write_bytes
core\storage\upload_local.prepare_document_for_processing,core\storage\upload_local.dest_parsed.write_text
core\storage\upload_local.prepare_document_for_processing,core\storage\upload_local.stub_file.write_text
core\storage\upload_local.prepare_document_for_processing,core\storage\upload_local.logger.info
core\storage\upload_local.prepare_document_for_processing,core\storage\upload_local.logger.info
core\storage\upload_local.prepare_document_for_processing,core.config.config_registry.get_path_config
core\storage\upload_local.prepare_document_for_processing,core\storage\upload_local.file_path.read_bytes
core\storage\upload_local.prepare_document_for_processing,core.parsing.extract_text.extract_text
core\storage\upload_local.prepare_document_for_processing,core\storage\upload_local.str
core\storage\upload_local.prepare_document_for_processing,core\storage\upload_local.str
core\storage\upload_local.prepare_document_for_processing,core\storage\upload_local.file_path.suffix.lower.lstrip
core\storage\upload_local.prepare_document_for_processing,json.dumps
core\storage\upload_local.prepare_document_for_processing,core\storage\upload_local.file_path.stem.replace.replace.lower
core\storage\upload_local.prepare_document_for_processing,core\storage\upload_local.str
core\storage\upload_local.prepare_document_for_processing,core\storage\upload_local.ValueError
core\storage\upload_local.prepare_document_for_processing,core\storage\upload_local.file_path.suffix.lower
core\storage\upload_local.prepare_document_for_processing,core\storage\upload_local.file_path.stem.replace.replace
core\storage\upload_local.prepare_document_for_processing,core\storage\upload_local.file_path.stem.replace
core\storage\upload_local.upload_file,core\storage\upload_local.prepare_document_for_processing
core\storage\upload_s3.upload_file_to_s3,core\storage\upload_s3.push_document_to_s3
core\storage\upload_s3.push_document_to_s3,core.storage.aws_clients.get_s3_client
core\storage\upload_s3.push_document_to_s3,core.parsing.extract_text.extract_text
core\storage\upload_s3.push_document_to_s3,core\storage\upload_s3.s3.upload_file
core\storage\upload_s3.push_document_to_s3,core\storage\upload_s3.s3.put_object
core\storage\upload_s3.push_document_to_s3,core\storage\upload_s3.s3.put_object
core\storage\upload_s3.push_document_to_s3,core.config.remote_config.RemoteConfig.from_file
core\storage\upload_s3.push_document_to_s3,core\storage\upload_s3.str
core\storage\upload_s3.push_document_to_s3,core\storage\upload_s3.str
core\storage\upload_s3.push_document_to_s3,core\storage\upload_s3.file_path.suffix.lower.lstrip
core\storage\upload_s3.push_document_to_s3,core\storage\upload_s3.file_path.stem.replace.replace.lower
core\storage\upload_s3.push_document_to_s3,core\storage\upload_s3.text.encode
core\storage\upload_s3.push_document_to_s3,json.dumps.encode
core\storage\upload_s3.push_document_to_s3,core\storage\upload_s3.file_path.suffix.lower
core\storage\upload_s3.push_document_to_s3,core\storage\upload_s3.file_path.stem.replace.replace
core\storage\upload_s3.push_document_to_s3,json.dumps
core\storage\upload_s3.push_document_to_s3,core\storage\upload_s3.file_path.stem.replace
core\synthesis\summarizer.summarize_documents,core\synthesis\summarizer.join
core\synthesis\summarizer.summarize_documents,core.llm.invoke.summarize_text
core\synthesis\summarizer.summarize_documents,core\synthesis\summarizer.summary.get
core\synthesis\summarizer.summarize_documents,core\synthesis\summarizer.retriever.query
core\synthesis\summarizer.summarize_documents,core\synthesis\summarizer.isinstance
core\synthesis\summarizer.summarize_documents,core\synthesis\summarizer.texts.append
core\synthesis\summarizer.summarize_documents,core\synthesis\summarizer.len
core\utils\budget_tracker.get_budget_tracker,os.getenv
core\utils\budget_tracker.get_budget_tracker,pathlib.Path
core\utils\budget_tracker.get_budget_tracker,core\utils\budget_tracker.BudgetTracker
core\utils\budget_tracker.get_budget_tracker,os.getenv
core\utils\budget_tracker.get_budget_tracker,core\utils\budget_tracker.float
core\utils\budget_tracker.__init__,time.strftime
core\utils\budget_tracker.check,time.strftime
core\utils\budget_tracker.check,core\utils\budget_tracker.self._persist
core\utils\budget_tracker.check,core\utils\budget_tracker.self.reset
core\utils\budget_tracker.reset,core\utils\budget_tracker.self._persist
core\utils\budget_tracker.reset,time.strftime
core\utils\budget_tracker._persist,core\utils\budget_tracker.self.log_path.parent.mkdir
core\utils\budget_tracker._persist,core\utils\budget_tracker.open
core\utils\budget_tracker._persist,json.dump
core\utils\dedup.dedup_lines_in_folder,core\utils\dedup.set
core\utils\dedup.dedup_lines_in_folder,core\utils\dedup.folder.glob
core\utils\dedup.dedup_lines_in_folder,core\utils\dedup.output_file.parent.mkdir
core\utils\dedup.dedup_lines_in_folder,core\utils\dedup.output_file.open
core\utils\dedup.dedup_lines_in_folder,core\utils\dedup.sorted
core\utils\dedup.dedup_lines_in_folder,core\utils\dedup.txt_file.open
core\utils\dedup.dedup_lines_in_folder,core\utils\dedup.out.write
core\utils\dedup.dedup_lines_in_folder,core\utils\dedup.line.strip
core\utils\dedup.dedup_lines_in_folder,core\utils\dedup.unique.add
core\utils\lambda_summary._get_remote,functools.lru_cache
core\utils\lambda_summary._get_remote,core.config.RemoteConfig.from_file
core\utils\lambda_summary._get_lambda_client,functools.lru_cache
core\utils\lambda_summary._get_lambda_client,core\utils\lambda_summary._get_remote
core\utils\lambda_summary._get_lambda_client,core.storage.aws_clients.get_lambda_client
core\utils\lambda_summary.invoke_summary,core\utils\lambda_summary._get_remote
core\utils\lambda_summary.invoke_summary,core\utils\lambda_summary._get_lambda_client
core\utils\lambda_summary.invoke_summary,core\utils\lambda_summary.range
core\utils\lambda_summary.invoke_summary,json.dumps
core\utils\lambda_summary.invoke_summary,core\utils\lambda_summary.lambda_client.invoke
core\utils\lambda_summary.invoke_summary,core\utils\lambda_summary.read.decode
core\utils\lambda_summary.invoke_summary,core\utils\lambda_summary.logger.warning
core\utils\lambda_summary.invoke_summary,time.sleep
core\utils\lambda_summary.invoke_summary,json.dumps.encode
core\utils\lambda_summary.invoke_summary,core\utils\lambda_summary.read
core\utils\lambda_summary.invoke_summary,random.random
core\utils\lambda_summary.invoke_summary,json.dumps
core\utils\lambda_summary.invoke_chatlog_summary,core\utils\lambda_summary._get_remote
core\utils\lambda_summary.invoke_chatlog_summary,core\utils\lambda_summary._get_lambda_client
core\utils\lambda_summary.invoke_chatlog_summary,core.storage.aws_clients.get_s3_client
core\utils\lambda_summary.invoke_chatlog_summary,core\utils\lambda_summary.read.decode
core\utils\lambda_summary.invoke_chatlog_summary,core\utils\lambda_summary.logger.info
core\utils\lambda_summary.invoke_chatlog_summary,core\utils\lambda_summary.lambda_client.invoke
core\utils\lambda_summary.invoke_chatlog_summary,core\utils\lambda_summary.read.decode
core\utils\lambda_summary.invoke_chatlog_summary,core\utils\lambda_summary.read
core\utils\lambda_summary.invoke_chatlog_summary,json.dumps.encode
core\utils\lambda_summary.invoke_chatlog_summary,core\utils\lambda_summary.read
core\utils\lambda_summary.invoke_chatlog_summary,json.dumps
core\utils\lambda_summary.invoke_chatlog_summary,core\utils\lambda_summary.s3.get_object
core\utils\lambda_summary.unpack_lambda_claude_result,json.loads
core\utils\lambda_summary.unpack_lambda_claude_result,core\utils\lambda_summary.isinstance
core\utils\lambda_summary.unpack_lambda_claude_result,core\utils\lambda_summary.isinstance
core\utils\lambda_summary.unpack_lambda_claude_result,core\utils\lambda_summary.ValueError
core\utils\lambda_summary.unpack_lambda_claude_result,json.loads
core\utils\lambda_summary.unpack_lambda_claude_result,core\utils\lambda_summary.ValueError
core\vectorstore\faiss_store.__init__,core.logger.get_logger
core\vectorstore\faiss_store.__init__,faiss.IndexIDMap
core\vectorstore\faiss_store.__init__,core\vectorstore\faiss_store.path.exists
core\vectorstore\faiss_store.__init__,core\vectorstore\faiss_store.ModuleNotFoundError
core\vectorstore\faiss_store.__init__,faiss.IndexFlatIP
core\vectorstore\faiss_store.__init__,core\vectorstore\faiss_store.self._load
core\vectorstore\faiss_store.__init__,core\vectorstore\faiss_store.self.logger.warning
core\vectorstore\faiss_store._hash_id,core\vectorstore\faiss_store.int.from_bytes
core\vectorstore\faiss_store._hash_id,hashlib.blake2b.digest
core\vectorstore\faiss_store._hash_id,hashlib.blake2b
core\vectorstore\faiss_store._hash_id,core\vectorstore\faiss_store.identifier.encode
core\vectorstore\faiss_store.add,numpy.asarray
core\vectorstore\faiss_store.add,numpy.asarray
core\vectorstore\faiss_store.add,core\vectorstore\faiss_store.self.index.add_with_ids
core\vectorstore\faiss_store.add,core\vectorstore\faiss_store.isinstance
core\vectorstore\faiss_store.add,core\vectorstore\faiss_store.self._hash_id
core\vectorstore\faiss_store.add,core\vectorstore\faiss_store.int
core\vectorstore\faiss_store.search,numpy.asarray.reshape
core\vectorstore\faiss_store.search,core\vectorstore\faiss_store.self.index.search
core\vectorstore\faiss_store.search,numpy.asarray
core\vectorstore\faiss_store.search,core\vectorstore\faiss_store.int
core\vectorstore\faiss_store.search,core\vectorstore\faiss_store.float
core\vectorstore\faiss_store.search,core\vectorstore\faiss_store.zip
core\vectorstore\faiss_store.persist,core\vectorstore\faiss_store.self.path.parent.mkdir
core\vectorstore\faiss_store.persist,faiss.write_index
core\vectorstore\faiss_store.persist,core\vectorstore\faiss_store.str
core\vectorstore\faiss_store._load,faiss.read_index
core\vectorstore\faiss_store._load,core\vectorstore\faiss_store.str
core\workflows\main_commands.get_parsed_text,core.config.config_registry.get_path_config
core\workflows\main_commands.get_parsed_text,core\workflows\main_commands.parsed_path.read_text
core\workflows\main_commands.looks_like_chatlog,core\workflows\main_commands.text.lower.splitlines
core\workflows\main_commands.looks_like_chatlog,core\workflows\main_commands.sum
core\workflows\main_commands.looks_like_chatlog,core\workflows\main_commands.text.lower
core\workflows\main_commands.looks_like_chatlog,core\workflows\main_commands.any
core\workflows\main_commands.classify,core\workflows\main_commands.parsed_path.read_text
core\workflows\main_commands.classify,core\workflows\main_commands.stub_path.exists
core\workflows\main_commands.classify,core.metadata.schema.validate_metadata
core\workflows\main_commands.classify,core\workflows\main_commands.out_path.write_text
core\workflows\main_commands.classify,core.config.config_registry.get_path_config
core\workflows\main_commands.classify,core\workflows\main_commands.looks_like_chatlog
core\workflows\main_commands.classify,core.llm.invoke.summarize_text
core\workflows\main_commands.classify,core.metadata.merge.merge_metadata_blocks
core\workflows\main_commands.classify,json.loads
core\workflows\main_commands.classify,core\workflows\main_commands.metadata.update
core\workflows\main_commands.classify,json.dumps
core\workflows\main_commands.classify,core\workflows\main_commands.len
core\workflows\main_commands.classify,core.parsing.topic_segmenter.segment_text
core\workflows\main_commands.classify,core.parsing.chunk_text.chunk_text
core\workflows\main_commands.classify,core.llm.invoke.summarize_text
core\workflows\main_commands.classify,core\workflows\main_commands.stub_path.read_text
core\workflows\main_commands.classify,core.parsing.chunk_text.chunk_text
core\workflows\main_commands.classify,core\workflows\main_commands.chunk.strip
core\workflows\main_commands.upload_metadata_to_s3,core.config.config_registry.get_remote_config
core\workflows\main_commands.upload_metadata_to_s3,core.storage.s3_utils.save_metadata_s3
core\workflows\main_commands.upload_and_prepare,core.storage.upload_local.upload_file
core\workflows\main_commands.pipeline_from_upload,core\workflows\main_commands.upload_and_prepare
core\workflows\main_commands.pipeline_from_upload,core\workflows\main_commands.classify
core\workflows\main_commands.pipeline_from_upload,pathlib.Path.stem.replace.replace.lower
core\workflows\main_commands.pipeline_from_upload,pathlib.Path.stem.replace.replace
core\workflows\main_commands.pipeline_from_upload,pathlib.Path.stem.replace
core\workflows\main_commands.pipeline_from_upload,pathlib.Path
gui\chat_gui.run_openai_chat,core.config.config_registry.get_remote_config
gui\chat_gui.run_openai_chat,openai.OpenAI
gui\chat_gui.run_openai_chat,core.utils.budget_tracker.get_budget_tracker
gui\chat_gui.run_openai_chat,gui\chat_gui.client.chat.completions.create
gui\chat_gui.run_openai_chat,gui\chat_gui.content.strip
gui\chat_gui.run_openai_chat,tiktoken.encoding_for_model
gui\chat_gui.run_openai_chat,gui\chat_gui.join
gui\chat_gui.run_openai_chat,gui\chat_gui.len
gui\chat_gui.run_openai_chat,gui\chat_gui.enc.encode
gui\chat_gui.run_openai_chat,gui\chat_gui.tracker.check
gui\chat_gui.run_openai_chat,gui\chat_gui.RuntimeError
gui\chat_gui.run_openai_chat,core.llm.invoke.LLM_PROMPT_COST_PER_1K.get
gui\chat_gui.run_openai_chat,core.llm.invoke.LLM_COMPLETION_COST_PER_1K.get
gui\chat_gui.main,streamlit.title
gui\chat_gui.main,streamlit.chat_input
gui\chat_gui.main,streamlit.session_state.messages.append
gui\chat_gui.main,streamlit.session_state.messages.append
gui\chat_gui.main,streamlit.chat_message
gui\chat_gui.main,streamlit.write
gui\chat_gui.main,streamlit.spinner
gui\chat_gui.main,gui\chat_gui.run_openai_chat
gui\chat_gui.main,streamlit.chat_message
gui\chat_gui.main,streamlit.write
scripts\pipeline.upload_and_prepare,core.workflows.main_commands.upload_and_prepare
scripts\pipeline.classify,core.workflows.main_commands.classify
scripts\pipeline.generate_embeddings,core.embeddings.embedder.generate_embeddings
scripts\pipeline.run_full_pipeline,scripts\pipeline.logger.info
scripts\pipeline.run_full_pipeline,scripts\pipeline.sorted
scripts\pipeline.run_full_pipeline,scripts\pipeline.logger.info
scripts\pipeline.run_full_pipeline,scripts\pipeline.sorted
scripts\pipeline.run_full_pipeline,scripts\pipeline.logger.info
scripts\pipeline.run_full_pipeline,scripts\pipeline.generate_embeddings
scripts\pipeline.run_full_pipeline,scripts\pipeline.logger.info
scripts\pipeline.run_full_pipeline,core.config.config_registry.get_path_config
scripts\pipeline.run_full_pipeline,scripts\pipeline.input_dir.glob
scripts\pipeline.run_full_pipeline,scripts\pipeline.paths.parsed.glob
scripts\pipeline.run_full_pipeline,scripts\pipeline.upload_and_prepare
scripts\pipeline.run_full_pipeline,scripts\pipeline.meta_path.exists
scripts\pipeline.run_full_pipeline,scripts\pipeline.logger.info
scripts\pipeline.run_full_pipeline,scripts\pipeline.classify
scripts\pipeline.run_full_pipeline,scripts\pipeline.logger.info
scripts\pipeline.run_full_pipeline,scripts\pipeline.logger.error
scripts\pipeline.run_full_pipeline,scripts\pipeline.logger.error
tools\ast_dependency_extractor.build_adjacency_matrix,tools\ast_dependency_extractor.sorted
tools\ast_dependency_extractor.build_adjacency_matrix,pandas.DataFrame
tools\ast_dependency_extractor.build_adjacency_matrix,tools\ast_dependency_extractor.set
tools\ast_dependency_extractor.should_ignore_dir,tools\ast_dependency_extractor.any
tools\ast_dependency_extractor.should_ignore_dir,tools\ast_dependency_extractor.rel_dir.as_posix.startswith
tools\ast_dependency_extractor.should_ignore_dir,tools\ast_dependency_extractor.rel_dir.as_posix
tools\ast_dependency_extractor.collect_py_files,os.walk
tools\ast_dependency_extractor.collect_py_files,pathlib.Path.relative_to
tools\ast_dependency_extractor.collect_py_files,pathlib.Path
tools\ast_dependency_extractor.collect_py_files,tools\ast_dependency_extractor.f.endswith
tools\ast_dependency_extractor.collect_py_files,tools\ast_dependency_extractor.should_ignore_dir
tools\ast_dependency_extractor.collect_py_files,pathlib.Path
tools\ast_dependency_extractor.load_graph_config,tools\ast_dependency_extractor.path.exists
tools\ast_dependency_extractor.load_graph_config,tools\ast_dependency_extractor.open
tools\ast_dependency_extractor.load_graph_config,json.load
tools\ast_dependency_extractor.analyze,tools\ast_dependency_extractor.app.command
tools\ast_dependency_extractor.analyze,typer.Option
tools\ast_dependency_extractor.analyze,typer.Option
tools\ast_dependency_extractor.analyze,typer.Option
tools\ast_dependency_extractor.analyze,typer.Option
tools\ast_dependency_extractor.analyze,typer.Option
tools\ast_dependency_extractor.analyze,typer.Option
tools\ast_dependency_extractor.analyze,tools\ast_dependency_extractor.load_graph_config
tools\ast_dependency_extractor.analyze,pathlib.Path
tools\ast_dependency_extractor.analyze,tools\ast_dependency_extractor.config_data.get.split
tools\ast_dependency_extractor.analyze,tools\ast_dependency_extractor.ASTDependencyExtractor
tools\ast_dependency_extractor.analyze,tools\ast_dependency_extractor.collect_py_files
tools\ast_dependency_extractor.analyze,tools\ast_dependency_extractor.files.items
tools\ast_dependency_extractor.analyze,tools\ast_dependency_extractor.extractor.get_function_edges
tools\ast_dependency_extractor.analyze,pathlib.Path
tools\ast_dependency_extractor.analyze,tools\ast_dependency_extractor.config_data.get
tools\ast_dependency_extractor.analyze,tools\ast_dependency_extractor.build_adjacency_matrix
tools\ast_dependency_extractor.analyze,pandas.DataFrame
tools\ast_dependency_extractor.analyze,tools\ast_dependency_extractor.df.to_csv
tools\ast_dependency_extractor.analyze,typer.echo
tools\ast_dependency_extractor.analyze,typer.echo
tools\ast_dependency_extractor.analyze,tools\ast_dependency_extractor.config_data.get
tools\ast_dependency_extractor.analyze,tools\ast_dependency_extractor.str.replace.replace
tools\ast_dependency_extractor.analyze,tools\ast_dependency_extractor.extractor.process_file
tools\ast_dependency_extractor.analyze,tools\ast_dependency_extractor.str
tools\ast_dependency_extractor.analyze,tools\ast_dependency_extractor.str.replace
tools\ast_dependency_extractor.analyze,tools\ast_dependency_extractor.str
tools\ast_dependency_extractor.process_file,ast.parse
tools\ast_dependency_extractor.process_file,tools\ast_dependency_extractor.self._walk_tree
tools\ast_dependency_extractor.process_file,tokenize.open
tools\ast_dependency_extractor.process_file,tools\ast_dependency_extractor.f.read
tools\ast_dependency_extractor.process_file,typer.echo
tools\ast_dependency_extractor.process_file,typer.echo
tools\ast_dependency_extractor._walk_tree,ast.walk
tools\ast_dependency_extractor._walk_tree,tools\ast_dependency_extractor.isinstance
tools\ast_dependency_extractor._walk_tree,ast.walk
tools\ast_dependency_extractor._walk_tree,tools\ast_dependency_extractor.isinstance
tools\ast_dependency_extractor._walk_tree,ast.walk
tools\ast_dependency_extractor._walk_tree,tools\ast_dependency_extractor.isinstance
tools\ast_dependency_extractor._walk_tree,tools\ast_dependency_extractor.isinstance
tools\ast_dependency_extractor._walk_tree,tools\ast_dependency_extractor.self._resolve_name
tools\ast_dependency_extractor._walk_tree,tools\ast_dependency_extractor.self.edges.append
tools\ast_dependency_extractor._get_name,tools\ast_dependency_extractor.isinstance
tools\ast_dependency_extractor._get_name,tools\ast_dependency_extractor.isinstance
tools\ast_dependency_extractor._get_name,tools\ast_dependency_extractor.self._get_name
tools\ast_dependency_extractor._get_name,tools\ast_dependency_extractor.isinstance
tools\ast_dependency_extractor._get_name,tools\ast_dependency_extractor.self._get_name
tools\ast_dependency_extractor._resolve_name,tools\ast_dependency_extractor.self._get_name
tools\ast_dependency_extractor._resolve_name,tools\ast_dependency_extractor.name.split
tools\ast_dependency_extractor._resolve_name,tools\ast_dependency_extractor.name.replace
tools\cadence_controller.detect_mode_from_prompt,tools\cadence_controller.prompt.lower
tools\cadence_controller.set_mode,tools\cadence_controller.self._log_transition
tools\cadence_controller._log_transition,datetime.datetime.utcnow.isoformat
tools\cadence_controller._log_transition,tools\cadence_controller.self.history.append
tools\cadence_controller._log_transition,logging.info
tools\cadence_controller._log_transition,datetime.datetime.utcnow
tools\cadence_controller._log_transition,tools\cadence_controller.mode.value.upper
tools\clean_trace.clean_trace_line,re.search
tools\clean_trace.clean_trace_line,tools\clean_trace.line.strip
tools\clean_trace.clean_trace_line,tools\clean_trace.line.strip.startswith
tools\clean_trace.clean_trace_line,tools\clean_trace.rstrip
tools\clean_trace.clean_trace_line,tools\clean_trace.line.strip
tools\clean_trace.clean_trace_line,tools\clean_trace.line.strip
tools\clean_trace.clean_trace_line,tools\clean_trace.root_match.start
tools\clean_trace.truncate_to_sentences,re.sub.strip
tools\clean_trace.truncate_to_sentences,re.split
tools\clean_trace.truncate_to_sentences,tools\clean_trace.join.strip
tools\clean_trace.truncate_to_sentences,tools\clean_trace.rstrip
tools\clean_trace.truncate_to_sentences,tools\clean_trace.len
tools\clean_trace.truncate_to_sentences,re.sub
tools\clean_trace.truncate_to_sentences,tools\clean_trace.join
tools\clean_trace.truncate_to_sentences,tools\clean_trace.len
tools\clean_trace.truncate_to_sentences,tools\clean_trace.rstrip
tools\clean_trace.extract_codex_reasoning,re.compile
tools\clean_trace.extract_codex_reasoning,tools\clean_trace.output_md.parent.mkdir
tools\clean_trace.extract_codex_reasoning,tools\clean_trace.logger.info
tools\clean_trace.extract_codex_reasoning,tools\clean_trace.logger.info
tools\clean_trace.extract_codex_reasoning,tools\clean_trace.input_path.read_text.splitlines
tools\clean_trace.extract_codex_reasoning,tools\clean_trace.clean_trace_line
tools\clean_trace.extract_codex_reasoning,tools\clean_trace.step_start.match
tools\clean_trace.extract_codex_reasoning,tools\clean_trace.join.strip
tools\clean_trace.extract_codex_reasoning,tools\clean_trace.reasoning_steps.append
tools\clean_trace.extract_codex_reasoning,tools\clean_trace.output_md.open
tools\clean_trace.extract_codex_reasoning,tools\clean_trace.f.write
tools\clean_trace.extract_codex_reasoning,tools\clean_trace.len
tools\clean_trace.extract_codex_reasoning,tools\clean_trace.logger.info
tools\clean_trace.extract_codex_reasoning,tools\clean_trace.input_path.read_text.splitlines
tools\clean_trace.extract_codex_reasoning,tools\clean_trace.line.lower.startswith
tools\clean_trace.extract_codex_reasoning,tools\clean_trace.strip
tools\clean_trace.extract_codex_reasoning,tools\clean_trace.current_step_lines.append
tools\clean_trace.extract_codex_reasoning,tools\clean_trace.current_step_lines.append
tools\clean_trace.extract_codex_reasoning,tools\clean_trace.f.write
tools\clean_trace.extract_codex_reasoning,tools\clean_trace.f.write
tools\clean_trace.extract_codex_reasoning,tools\clean_trace.output_jsonl.open
tools\clean_trace.extract_codex_reasoning,tools\clean_trace.input_path.read_text
tools\clean_trace.extract_codex_reasoning,tools\clean_trace.join.strip
tools\clean_trace.extract_codex_reasoning,tools\clean_trace.reasoning_steps.append
tools\clean_trace.extract_codex_reasoning,tools\clean_trace.join
tools\clean_trace.extract_codex_reasoning,tools\clean_trace.truncate_to_sentences
tools\clean_trace.extract_codex_reasoning,tools\clean_trace.jf.write
tools\clean_trace.extract_codex_reasoning,tools\clean_trace.input_path.read_text
tools\clean_trace.extract_codex_reasoning,tools\clean_trace.line.lower
tools\clean_trace.extract_codex_reasoning,tools\clean_trace.join
tools\clean_trace.extract_codex_reasoning,tools\clean_trace.truncate_to_sentences
tools\clean_trace.extract_codex_reasoning,json.dumps
tools\clean_trace.bulk_process_dir,tools\clean_trace.list
tools\clean_trace.bulk_process_dir,tools\clean_trace.trace.relative_to
tools\clean_trace.bulk_process_dir,tools\clean_trace.extract_codex_reasoning
tools\clean_trace.bulk_process_dir,tools\clean_trace.list
tools\clean_trace.bulk_process_dir,tools\clean_trace.list
tools\clean_trace.bulk_process_dir,tools\clean_trace.input_dir.rglob
tools\clean_trace.bulk_process_dir,tools\clean_trace.rel_path.with_suffix
tools\clean_trace.bulk_process_dir,tools\clean_trace.rel_path.with_suffix
tools\clean_trace.bulk_process_dir,tools\clean_trace.input_dir.rglob
tools\clean_trace.bulk_process_dir,tools\clean_trace.input_dir.rglob
tools\combine_scripts.collect_py_files,os.walk
tools\combine_scripts.collect_py_files,pathlib.Path.relative_to
tools\combine_scripts.collect_py_files,tools\combine_scripts.f.endswith
tools\combine_scripts.collect_py_files,tools\combine_scripts.should_ignore_dir
tools\combine_scripts.collect_py_files,pathlib.Path
tools\combine_scripts.collect_py_files,pathlib.Path
tools\combine_scripts.extract_module_docstring,tools\combine_scripts.content.splitlines
tools\combine_scripts.extract_module_docstring,tools\combine_scripts.open
tools\combine_scripts.extract_module_docstring,tools\combine_scripts.f.read
tools\combine_scripts.extract_module_docstring,tools\combine_scripts.join
tools\combine_scripts.extract_module_docstring,tools\combine_scripts.startswith
tools\combine_scripts.extract_module_docstring,tools\combine_scripts.startswith
tools\combine_scripts.extract_module_docstring,tools\combine_scripts.doc.append
tools\combine_scripts.extract_module_docstring,tools\combine_scripts.line.endswith
tools\combine_scripts.extract_module_docstring,tools\combine_scripts.len
tools\combine_scripts.combine_files,tools\combine_scripts.sorted
tools\combine_scripts.combine_files,tools\combine_scripts.combined.append
tools\combine_scripts.combine_files,tools\combine_scripts.combined.append
tools\combine_scripts.combine_files,tools\combine_scripts.extract_module_docstring
tools\combine_scripts.combine_files,tools\combine_scripts.combined.append
tools\combine_scripts.combine_files,tools\combine_scripts.join
tools\combine_scripts.combine_files,tools\combine_scripts.open
tools\combine_scripts.combine_files,tools\combine_scripts.f.readlines
tools\combine_scripts.combine_files,tools\combine_scripts.len
tools\combine_scripts.combine_files,tools\combine_scripts.combined.extend
tools\combine_scripts.combine_scripts,tools\combine_scripts.app.command
tools\combine_scripts.combine_scripts,typer.Argument
tools\combine_scripts.combine_scripts,typer.Option
tools\combine_scripts.combine_scripts,typer.Option
tools\combine_scripts.combine_scripts,typer.Option
tools\combine_scripts.combine_scripts,typer.echo
tools\combine_scripts.combine_scripts,tools\combine_scripts.root.resolve
tools\combine_scripts.combine_scripts,tools\combine_scripts.output_path.mkdir
tools\combine_scripts.combine_scripts,tools\combine_scripts.collect_py_files
tools\combine_scripts.combine_scripts,tools\combine_scripts.file_map.items
tools\combine_scripts.combine_scripts,typer.echo
tools\combine_scripts.combine_scripts,tools\combine_scripts.d.strip
tools\combine_scripts.combine_scripts,tools\combine_scripts.combine_files
tools\combine_scripts.combine_scripts,tools\combine_scripts.output_file.write_text
tools\combine_scripts.combine_scripts,tools\combine_scripts.log_rows.append
tools\combine_scripts.combine_scripts,tools\combine_scripts.open
tools\combine_scripts.combine_scripts,csv.writer
tools\combine_scripts.combine_scripts,tools\combine_scripts.writer.writerows
tools\combine_scripts.combine_scripts,tools\combine_scripts.ignore_dirs.split
tools\combine_scripts.combine_scripts,tools\combine_scripts.d.strip
tools\combine_scripts.combine_scripts,tools\combine_scripts.join
tools\combine_scripts.combine_scripts,tools\combine_scripts.len
tools\combine_scripts.combine_scripts,tools\combine_scripts.len
tools\method_graph.collapse_to_modules,tools\method_graph.src.split
tools\method_graph.collapse_to_modules,tools\method_graph.tgt.split
tools\method_graph.build_method_graph,networkx.DiGraph
tools\method_graph.build_method_graph,tools\method_graph.collapse_to_modules
tools\method_graph.build_method_graph,tools\method_graph.G.add_edge
tools\method_graph.build_method_graph,tools\method_graph.any
tools\method_graph.build_method_graph,tools\method_graph.source.startswith
tools\method_graph.build_method_graph,tools\method_graph.target.startswith
tools\method_graph.plot_method_graph,matplotlib.pyplot.figure
tools\method_graph.plot_method_graph,networkx.circular_layout
tools\method_graph.plot_method_graph,networkx.draw_networkx_nodes
tools\method_graph.plot_method_graph,networkx.draw_networkx_labels
tools\method_graph.plot_method_graph,networkx.draw_networkx_edges
tools\method_graph.plot_method_graph,matplotlib.pyplot.title
tools\method_graph.plot_method_graph,matplotlib.pyplot.axis
tools\method_graph.plot_method_graph,matplotlib.pyplot.tight_layout
tools\method_graph.plot_method_graph,matplotlib.pyplot.savefig
tools\method_graph.plot_method_graph,typer.echo
tools\method_graph.plot_method_graph,matplotlib.pyplot.show
tools\method_graph.visualize,tools\method_graph.app.command
tools\method_graph.visualize,typer.Argument
tools\method_graph.visualize,typer.Option
tools\method_graph.visualize,typer.Option
tools\method_graph.visualize,typer.Option
tools\method_graph.visualize,typer.Option
tools\method_graph.visualize,typer.Option
tools\method_graph.visualize,tools\method_graph.build_method_graph
tools\method_graph.visualize,tools\method_graph.plot_method_graph
tools\method_graph.visualize,tools\method_graph.input_csv.exists
tools\method_graph.visualize,typer.BadParameter
tools\method_graph.visualize,pandas.read_csv
tools\method_graph.visualize,pandas.read_csv
tools\method_graph.visualize,tools\method_graph.list
tools\method_graph.visualize,tools\method_graph.df.itertuples
tools\method_graph.visualize,tools\method_graph.x.strip
tools\method_graph.visualize,tools\method_graph.ignore_modules.split
tools\method_graph.visualize,tools\method_graph.src.split
tools\method_graph.visualize,tools\method_graph.tgt.split
tools\parse_json_file.extract_and_parse_text,pathlib.Path
tools\parse_json_file.extract_and_parse_text,tools\parse_json_file.data.get
tools\parse_json_file.extract_and_parse_text,tools\parse_json_file.path.exists
tools\parse_json_file.extract_and_parse_text,tools\parse_json_file.FileNotFoundError
tools\parse_json_file.extract_and_parse_text,tools\parse_json_file.open
tools\parse_json_file.extract_and_parse_text,json.load
tools\parse_json_file.main,core.logger.get_logger
tools\parse_json_file.main,argparse.ArgumentParser
tools\parse_json_file.main,tools\parse_json_file.parser.add_argument
tools\parse_json_file.main,tools\parse_json_file.parser.parse_args
tools\parse_json_file.main,tools\parse_json_file.extract_and_parse_text
tools\parse_json_file.main,tools\parse_json_file.logger.info
tools\parse_json_file.main,tools\parse_json_file.logger.error
tools\variable_graph.build_variable_graph,networkx.DiGraph
tools\variable_graph.build_variable_graph,tools\variable_graph.G.add_edge
tools\variable_graph.plot_variable_graph,matplotlib.pyplot.figure
tools\variable_graph.plot_variable_graph,networkx.circular_layout
tools\variable_graph.plot_variable_graph,networkx.draw_networkx_nodes
tools\variable_graph.plot_variable_graph,networkx.draw_networkx_labels
tools\variable_graph.plot_variable_graph,networkx.draw_networkx_edges
tools\variable_graph.plot_variable_graph,matplotlib.pyplot.title
tools\variable_graph.plot_variable_graph,matplotlib.pyplot.axis
tools\variable_graph.plot_variable_graph,matplotlib.pyplot.tight_layout
tools\variable_graph.plot_variable_graph,matplotlib.pyplot.show
